Регион,Округ,Год,Наименование,№ строки," Кол-во структур, ед"," Всего кол-во сотрудников, чел", Всего с профильным образованием," Всего объeм финансирования, руб", Расходы на мероприятия, Расходы на адм функции, Расходы на ремонт
Алтайский край,СФО,2021,"Региональные структуры по работе с молодeжью, в том числе:",28,  3 ,  79 ,  1 ,  121 243 602 ,  68 186 270 ,  52 268 310 ,  789 022 
Алтайский край,СФО,2021,"      региональный орган
      исполнительной власти",29,  1 ,  28 ,  -   ,  34 404 000 ,  7 000 000 ,  27 404 000 ,  -   
Алтайский край,СФО,2021,"      бюджетные
      учреждения",30,  2 ,  51 ,  1 ,  86 839 602 ,  61 186 270 ,  24 864 310 ,  789 022 
Алтайский край,СФО,2021,"Муниципальные структуры по работе с молодeжью, в том числе:",31,  80 ,  127 ,  33 ,  11 474 299 ,  5 817 581 ,  5 302 718 ,  354 000 
Алтайский край,СФО,2021,"      муниципальные
      органы
      испольнительной власти",32,  69 ,  92 ,  19 ,  10 204 299 ,  4 903 131 ,  5 141 168 ,  160 000 
Алтайский край,СФО,2021,"      муниципальные
      бюджетные
      учреждения",33,  11 ,  35 ,  14 ,  1 270 000 ,  914 450 ,  161 550 ,  194 000 
Амурская область,ДФО,2021,"Региональные структуры по работе с молодeжью, в том числе:",28,  1 ,  44 ,  -   ,  43 890 792 ,  13 854 300 ,  30 036 492 ,  -   
Амурская область,ДФО,2021,"      региональный орган
      исполнительной власти",29,  1 ,  44 ,  -   ,  43 890 792 ,  13 854 300 ,  30 036 492 ,  -   
Амурская область,ДФО,2021,"      бюджетные
      учреждения",30,  -   ,  -   ,  -   ,  -   ,  -   ,  -   ,  -   
Амурская область,ДФО,2021,"Муниципальные структуры по работе с молодeжью, в том числе:",31,  34 ,  77 ,  5 ,  50 063 687 ,  9 295 387 ,  27 756 083 ,  13 012 217 
Амурская область,ДФО,2021,"      муниципальные
      органы
      испольнительной власти",32,  28 ,  40 ,  5 ,  11 122 640 ,  6 559 123 ,  4 563 517 ,  -   
Амурская область,ДФО,2021,"      муниципальные
      бюджетные
      учреждения",33,  6 ,  37 ,  -   ,  38 941 047 ,  2 736 264 ,  23 192 566 ,  13 012 217 
Архангельская область,СЗФО,2021,"Региональные структуры по работе с молодeжью, в том числе:",28,  5 ,  126 ,  44 ,"  477 180 826,00 ","  233 793 800,00 ","  82 614 026,00 ","  160 773 000,00 "
Архангельская область,СЗФО,2021,"      региональный орган
      исполнительной власти",29,  1 ,  23 ,  4 ,"  91 594 226,00 ","  85 017 200,00 ","  6 577 026,00 ",  -   
Архангельская область,СЗФО,2021,"      бюджетные
      учреждения",30,  4 ,  103 ,  40 ,"  385 586 600,00 ","  148 776 600,00 ","  76 037 000,00 ","  160 773 000,00 "
Архангельская область,СЗФО,2021,"Муниципальные структуры по работе с молодeжью, в том числе:",31,  28 ,  128 ,  57 ,"  105 660 403,00 ","  28 126 639,00 ","  68 812 787,00 ","  8 720 977,00 "
Архангельская область,СЗФО,2021,"      муниципальные
      органы
      испольнительной власти",32,  25 ,  45 ,  18 ,"  34 389 164,00 ","  23 523 141,00 ","  10 866 023,00 ",
Архангельская область,СЗФО,2021,"      муниципальные
      бюджетные
      учреждения",33,  3 ,  83 ,  39 ,"  71 271 239,00 ","  4 603 498,00 ","  57 946 764,00 ","  8 720 977,00 "
Астраханская  область,ЮФО,2021,"Региональные структуры по работе с молодeжью, в том числе:",28,  4 ,  119 ,  38 ,  87 125 958 ,  32 940 727 ,  54 185 231 ,  -   
Астраханская  область,ЮФО,2021,"      региональный орган
      исполнительной власти",29,  1 ,  13 ,  9 ,  10 497 327 ,,  10 497 327 ,
Астраханская  область,ЮФО,2021,"      бюджетные
      учреждения",30,  3 ,  106 ,  29 ,  76 628 631 ,  32 940 727 ,  43 687 904 ,
Астраханская  область,ЮФО,2021,"Муниципальные структуры по работе с молодeжью, в том числе:",31,  37 ,  180 ,  36 ,  52 404 471 ,  10 189 380 ,  41 415 091 ,  800 000 
Астраханская  область,ЮФО,2021,"      муниципальные
      органы
      испольнительной власти",32,  11 ,  33 ,  2 ,  17 714 081 ,  8 091 679 ,  9 622 402 ,
Астраханская  область,ЮФО,2021,"      муниципальные
      бюджетные
      учреждения",33,  26 ,  147 ,  34 ,  34 690 390 ,  2 097 701 ,  31 792 689 ,  800 000 
Белгородская область,ЦФО,2021,"Региональные структуры по работе с молодeжью, в том числе:",28,  2 ,  94 ,  62 ,  89 048 464 ,  42 682 278 ,  46 366 186 ,  -   
Белгородская область,ЦФО,2021,"      региональный орган
      исполнительной власти",29,  1 ,  10 ,  8 ,  24 298 507 ,  24 298 507 ,  -   ,  -   
Белгородская область,ЦФО,2021,"      бюджетные
      учреждения",30,  1 ,  84 ,  54 ,  64 749 957 ,  18 383 771 ,  46 366 186 ,  -   
Белгородская область,ЦФО,2021,"Муниципальные структуры по работе с молодeжью, в том числе:",31,  38 ,  177 ,  19 ,  94 546 125 ,  22 294 901 ,  72 243 224 ,  8 000 
Белгородская область,ЦФО,2021,"      муниципальные
      органы
      испольнительной власти",32,  22 ,  71 ,  15 ,  43 811 523 ,  16 985 742 ,  26 817 781 ,  8 000 
Белгородская область,ЦФО,2021,"      муниципальные
      бюджетные
      учреждения",33,  16 ,  106 ,  4 ,  50 734 602 ,  5 309 159 ,  45 425 443 ,  -   
Брянская область,ЦФО,2021,"Региональные структуры по работе с молодeжью, в том числе:",28,  2 ,  12 ,  5 ,  24 112 455 ,  24 112 455 ,  -   ,  -   
Брянская область,ЦФО,2021,"      региональный орган
      исполнительной власти",29,  1 ,  7 ,  5 ,  18 262 455 ,  18 262 455 ,  -   ,  -   
Брянская область,ЦФО,2021,"      бюджетные
      учреждения",30,  1 ,  5 ,  -   ,  5 850 000 ,  5 850 000 ,  -   ,  -   
Брянская область,ЦФО,2021,"Муниципальные структуры по работе с молодeжью, в том числе:",31,  36 ,  68 ,  12 ,  7 694 636 ,  4 968 228 ,  2 726 408 ,  -   
Брянская область,ЦФО,2021,"      муниципальные
      органы
      испольнительной власти",32,  31 ,  48 ,  9 ,  7 273 423 ,  4 821 171 ,  2 452 252 ,  -   
Брянская область,ЦФО,2021,"      муниципальные
      бюджетные
      учреждения",33,  5 ,  20 ,  3 ,  421 213 ,  147 057 ,  274 156 ,  -   
Владимирская область,ЦФО,2021,"Региональные структуры по работе с молодeжью, в том числе:",28,  1 ,  13 ,  1 ,  137 284 ,  137 284 ,  -   ,  -   
Владимирская область,ЦФО,2021,"      региональный орган
      исполнительной власти",29,  1 ,  13 ,  1 ,  137 284 ,  137 284 ,  -   ,  -   
Владимирская область,ЦФО,2021,"      бюджетные
      учреждения",30,  -   ,  -   ,  -   ,  -   ,  -   ,  -   ,  -   
Владимирская область,ЦФО,2021,"Муниципальные структуры по работе с молодeжью, в том числе:",31,  31 ,  206 ,  7 ,  190 625 587 ,  12 642 920 ,  176 323 645 ,  1 659 022 
Владимирская область,ЦФО,2021,"      муниципальные
      органы
      испольнительной власти",32,  16 ,  45 ,  2 ,  91 878 291 ,  10 194 697 ,  81 683 594 ,  -   
Владимирская область,ЦФО,2021,"      муниципальные
      бюджетные
      учреждения",33,  15 ,  161 ,  5 ,  98 747 296 ,  2 448 223 ,  94 640 051 ,  1 659 022 
Волгоградская область,ЮФО,2021,"Региональные структуры по работе с молодeжью, в том числе:",28,  5 ,  164 ,  55 ,  116 595 610 ,  40 391 710 ,  76 203 900 ,  -   
Волгоградская область,ЮФО,2021,"      региональный орган
      исполнительной власти",29,  1 ,  10 ,  10 ,  6 144 200 ,  1 675 500 ,  4 468 700 ,  -   
Волгоградская область,ЮФО,2021,"      бюджетные
      учреждения",30,  4 ,  154 ,  45 ,  110 451 410 ,  38 716 210 ,  71 735 200 ,  -   
Волгоградская область,ЮФО,2021,"Муниципальные структуры по работе с молодeжью, в том числе:",31,  163 ,  1 060 ,  188 ,  503 740 143 ,  237 071 757 ,  225 742 210 ,  40 926 176 
Волгоградская область,ЮФО,2021,"      муниципальные
      органы
      испольнительной власти",32,  36 ,  127 ,  16 ,  58 406 923 ,  18 033 374 ,  40 373 549 ,  -   
Волгоградская область,ЮФО,2021,"      муниципальные
      бюджетные
      учреждения",33,  127 ,  933 ,  172 ,  445 333 220 ,  219 038 383 ,  185 368 661 ,  40 926 176 
Вологодская область,СЗФО,2021,"Региональные структуры по работе с молодeжью, в том числе:",28,  2 ,  44 ,  4 ,  121 426 700 ,  89 550 639 ,  31 876 061 ,  -   
Вологодская область,СЗФО,2021,"      региональный орган
      исполнительной власти",29,  1 ,  6 ,  2 ,  -   ,,,
Вологодская область,СЗФО,2021,"      бюджетные
      учреждения",30,  1 ,  38 ,  2 ,  121 426 700 ,  89 550 639 ,  31 876 061 ,
Вологодская область,СЗФО,2021,"Муниципальные структуры по работе с молодeжью, в том числе:",31,  35 ,  99 ,  1 ,  44 229 679 ,  13 998 747 ,  29 918 852 ,  312 080 
Вологодская область,СЗФО,2021,"      муниципальные
      органы
      испольнительной власти",32,  28 ,  37 ,,  5 185 111 ,  4 852 882 ,  332 229 ,
Вологодская область,СЗФО,2021,"      муниципальные
      бюджетные
      учреждения",33,  7 ,  62 ,  1 ,  39 044 568 ,  9 145 865 ,  29 586 623 ,  312 080 
Воронежская область,ЦФО,2021,"Региональные структуры по работе с молодeжью, в том числе:",28,  2 ,  62 ,  6 ,  69 426 951 ,  30 665 929 ,  38 761 022 ,  -   
Воронежская область,ЦФО,2021,"      региональный орган
      исполнительной власти",29,  1 ,  6 ,,  10 903 639 ,  4 457 058 ,  6 446 581 ,  -   
Воронежская область,ЦФО,2021,"      бюджетные
      учреждения",30,  1 ,  56 ,  6 ,  58 523 312 ,  26 208 871 ,  32 314 441 ,  -   
Воронежская область,ЦФО,2021,"Муниципальные структуры по работе с молодeжью, в том числе:",31,  46 ,  139 ,  12 ,  62 586 960 ,  14 880 594 ,  46 729 566 ,  976 800 
Воронежская область,ЦФО,2021,"      муниципальные
      органы
      испольнительной власти",32,  40 ,  61 ,  11 ,  30 173 126 ,  10 198 061 ,  19 586 765 ,  388 300 
Воронежская область,ЦФО,2021,"      муниципальные
      бюджетные
      учреждения",33,  6 ,  78 ,  1 ,  32 413 834 ,  4 682 533 ,  27 142 801 ,  588 500 
Еврейская автономная область,ДФО,2021,"Региональные структуры по работе с молодeжью, в том числе:",28,  2 ,  45 ,  10 ,  4 059 306 ,  2 794 836 ,  1 264 470 ,  -   
Еврейская автономная область,ДФО,2021,"      региональный орган
      исполнительной власти",29,  1 ,  5 ,  5 ,  1 757 990 ,  643 520 ,  1 114 470 ,
Еврейская автономная область,ДФО,2021,"      бюджетные
      учреждения",30,  1 ,  40 ,  5 ,  2 301 316 ,  2 151 316 ,  150 000 ,
Еврейская автономная область,ДФО,2021,"Муниципальные структуры по работе с молодeжью, в том числе:",31,  47 ,  1 502 ,  899 ,  6 717 556 ,  6 717 556 ,  -   ,  -   
Еврейская автономная область,ДФО,2021,"      муниципальные
      органы
      испольнительной власти",32,  6 ,  56 ,  50 ,  6 222 856 ,  6 222 856 ,,
Еврейская автономная область,ДФО,2021,"      муниципальные
      бюджетные
      учреждения",33,  41 ,  1 446 ,  849 ,  494 700 ,  494 700 ,,
Забайкальский край,ДФО,2021,"Региональные структуры по работе с молодeжью, в том числе:",28,  3 ,  109 ,  5 ,  65 735 900 ,  -   ,  65 735 900 ,  -   
Забайкальский край,ДФО,2021,"      региональный орган
      исполнительной власти",29,  1 ,  3 ,  -   ,  -   ,  -   ,  -   ,  -   
Забайкальский край,ДФО,2021,"      бюджетные
      учреждения",30,  2 ,  106 ,  5 ,  65 735 900 ,  -   ,  65 735 900 ,  -   
Забайкальский край,ДФО,2021,"Муниципальные структуры по работе с молодeжью, в том числе:",31,  35 ,  35 ,  12 ,  3 335 000 ,  2 130 000 ,  1 205 000 ,  -   
Забайкальский край,ДФО,2021,"      муниципальные
      органы
      испольнительной власти",32,  35 ,  35 ,  12 ,  3 335 000 ,  2 130 000 ,  1 205 000 ,  -   
Забайкальский край,ДФО,2021,"      муниципальные
      бюджетные
      учреждения",33,  -   ,  -   ,  -   ,  -   ,  -   ,  -   ,  -   
Ивановская область,ЦФО,2021,"Региональные структуры по работе с молодeжью, в том числе:",28,  1 ,  5 ,  -   ,  6 801 130 ,  4 066 398 ,  2 734 732 ,  -   
Ивановская область,ЦФО,2021,"      региональный орган
      исполнительной власти",29,  1 ,  5 ,  -   ,  6 801 130 ,  4 066 398 ,  2 734 732 ,  -   
Ивановская область,ЦФО,2021,"      бюджетные
      учреждения",30,  -   ,  -   ,  -   ,  -   ,  -   ,  -   ,  -   
Ивановская область,ЦФО,2021,"Муниципальные структуры по работе с молодeжью, в том числе:",31,  46 ,  387 ,  13 ,  135 904 666 ,  22 957 992 ,  87 966 618 ,  24 980 056 
Ивановская область,ЦФО,2021,"      муниципальные
      органы
      испольнительной власти",32,  27 ,  70 ,  7 ,  31 801 931 ,  8 870 974 ,  16 930 457 ,  6 000 500 
Ивановская область,ЦФО,2021,"      муниципальные
      бюджетные
      учреждения",33,  19 ,  317 ,  6 ,  104 102 735 ,  14 087 018 ,  71 036 161 ,  18 979 556 
Иркутская область,СФО,2021,"Региональные структуры по работе с молодeжью, в том числе:",28,  5 ,  139 ,  3 ,  221 111 671 ,  89 885 662 ,  128 149 067 ,  3 076 942 
Иркутская область,СФО,2021,"      региональный орган
      исполнительной власти",29,  1 ,  24 ,  -   ,  74 176 999 ,  38 359 954 ,  35 817 045 ,  -   
Иркутская область,СФО,2021,"      бюджетные
      учреждения",30,  4 ,  115 ,  3 ,  146 934 672 ,  51 525 708 ,  92 332 022 ,  3 076 942 
Иркутская область,СФО,2021,"Муниципальные структуры по работе с молодeжью, в том числе:",31,  65 ,  210 ,  68 ,  138 228 290 ,  51 958 956 ,  86 269 334 ,  -   
Иркутская область,СФО,2021,"      муниципальные
      органы
      испольнительной власти",32,  55 ,  110 ,  32 ,  77 933 561 ,  47 270 644 ,  30 662 917 ,  -   
Иркутская область,СФО,2021,"      муниципальные
      бюджетные
      учреждения",33,  10 ,  100 ,  36 ,  60 294 729 ,  4 688 312 ,  55 606 417 ,  -   
Кабардино-Балкарская Республика,СКФО,2021,"Региональные структуры по работе с молодeжью, в том числе:",28,  2 ,  43 ,  5 ,  17 094 208 ,  6 497 548 ,  10 596 660 ,  -   
Кабардино-Балкарская Республика,СКФО,2021,"      региональный орган
      исполнительной власти",29,  1 ,  10 ,  -   ,  6 261 000 ,  6 261 000 ,,
Кабардино-Балкарская Республика,СКФО,2021,"      бюджетные
      учреждения",30,  1 ,  33 ,  5 ,  10 833 208 ,  236 548 ,  10 596 660 ,
Кабардино-Балкарская Республика,СКФО,2021,"Муниципальные структуры по работе с молодeжью, в том числе:",31,  26 ,  83 ,  60 ,  3 758 106 ,  947 930 ,  2 810 176 ,  -   
Кабардино-Балкарская Республика,СКФО,2021,"      муниципальные
      органы
      испольнительной власти",32,  22 ,  27 ,  6 ,  3 758 106 ,  947 930 ,  2 810 176 ,
Кабардино-Балкарская Республика,СКФО,2021,"      муниципальные
      бюджетные
      учреждения",33,  4 ,  56 ,  54 ,  -   ,,,
Калининградская область,СЗФО,2021,"Региональные структуры по работе с молодeжью, в том числе:",28,  5 ,  68 ,  -   ,  228 817 997 ,  141 847 700 ,  64 637 297 ,  22 333 000 
Калининградская область,СЗФО,2021,"      региональный орган
      исполнительной власти",29,  1 ,  11 ,,  28 553 637 ,  15 090 160 ,  13 463 477 ,  -   
Калининградская область,СЗФО,2021,"      бюджетные
      учреждения",30,  4 ,  57 ,  -   ,  200 264 360 ,  126 757 540 ,  51 173 820 ,  22 333 000 
Калининградская область,СЗФО,2021,"Муниципальные структуры по работе с молодeжью, в том числе:",31,  39 ,  377 ,  9 ,  191 990 329 ,  57 680 298 ,  119 595 791 ,  14 714 240 
Калининградская область,СЗФО,2021,"      муниципальные
      органы
      испольнительной власти",32,  22 ,  43 ,  5 ,  44 225 393 ,  17 935 127 ,  26 290 266 ,
Калининградская область,СЗФО,2021,"      муниципальные
      бюджетные
      учреждения",33,  17 ,  334 ,  4 ,  147 764 936 ,  39 745 171 ,  93 305 525 ,  14 714 240 
Калужская область,ЦФО,2021,"Региональные структуры по работе с молодeжью, в том числе:",28,  4 ,  249 ,  60 ,  160 750 247 ,  78 510 640 ,  82 239 607 ,  -   
Калужская область,ЦФО,2021,"      региональный орган
      исполнительной власти",29,  1 ,  11 ,  4 ,  82 994 649 ,  75 707 540 ,  7 287 109 ,  -   
Калужская область,ЦФО,2021,"      бюджетные
      учреждения",30,  3 ,  238 ,  56 ,  77 755 598 ,  2 803 100 ,  74 952 498 ,
Калужская область,ЦФО,2021,"Муниципальные структуры по работе с молодeжью, в том числе:",31,  32 ,  88 ,  17 ,  25 912 838 ,  11 825 293 ,  14 087 545 ,  -   
Калужская область,ЦФО,2021,"      муниципальные
      органы
      испольнительной власти",32,  26 ,  43 ,  7 ,  15 484 171 ,  10 167 065 ,  5 317 106 ,  -   
Калужская область,ЦФО,2021,"      муниципальные
      бюджетные
      учреждения",33,  6 ,  45 ,  10 ,  10 428 667 ,  1 658 228 ,  8 770 439 ,
Камчатский край,ДФО,2021,"Региональные структуры по работе с молодeжью, в том числе:",28,  3 ,  79 ,  7 ,  240 741 817 ,  119 859 245 ,  120 747 502 ,  135 070 
Камчатский край,ДФО,2021,"      региональный орган
      исполнительной власти",29,  1 ,  5 ,  3 ,  111 127 095 ,  100 135 606 ,  10 991 489 ,  -   
Камчатский край,ДФО,2021,"      бюджетные
      учреждения",30,  2 ,  74 ,  4 ,  129 614 722 ,  19 723 639 ,  109 756 013 ,  135 070 
Камчатский край,ДФО,2021,"Муниципальные структуры по работе с молодeжью, в том числе:",31,  16 ,  41 ,  2 ,  174 957 691 ,  97 963 359 ,  69 280 334 ,  7 713 998 
Камчатский край,ДФО,2021,"      муниципальные
      органы
      испольнительной власти",32,  14 ,  27 ,  1 ,  78 179 334 ,  49 180 682 ,  25 870 902 ,  3 127 750 
Камчатский край,ДФО,2021,"      муниципальные
      бюджетные
      учреждения",33,  2 ,  14 ,  1 ,  96 778 357 ,  48 782 677 ,  43 409 432 ,  4 586 248 
Карачаево-Черкесская Республика,СКФО,2021,"Региональные структуры по работе с молодeжью, в том числе:",28,  1 ,  11 ,  -   ,  -   ,  -   ,  -   ,  -   
Карачаево-Черкесская Республика,СКФО,2021,"      региональный орган
      исполнительной власти",29,  1 ,  11 ,,  -   ,,,
Карачаево-Черкесская Республика,СКФО,2021,"      бюджетные
      учреждения",30,,,,  -   ,,,
Карачаево-Черкесская Республика,СКФО,2021,"Муниципальные структуры по работе с молодeжью, в том числе:",31,  12 ,  24 ,  -   ,  -   ,  -   ,  -   ,  -   
Карачаево-Черкесская Республика,СКФО,2021,"      муниципальные
      органы
      испольнительной власти",32,  12 ,  24 ,,  -   ,,,
Карачаево-Черкесская Республика,СКФО,2021,"      муниципальные
      бюджетные
      учреждения",33,,,,  -   ,,,
Кемеровская область,СФО,2021,"Региональные структуры по работе с молодeжью, в том числе:",28,  3 ,  55 ,  11 ,  130 987 302 ,  37 262 434 ,  22 114 857 ,  71 610 011 
Кемеровская область,СФО,2021,"      региональный орган
      исполнительной власти",29,  1 ,  15 ,  2 ,  20 281 072 ,  10 628 046 ,  9 653 026 ,  -   
Кемеровская область,СФО,2021,"      бюджетные
      учреждения",30,  2 ,  40 ,  9 ,  110 706 230 ,  26 634 388 ,  12 461 831 ,  71 610 011 
Кемеровская область,СФО,2021,"Муниципальные структуры по работе с молодeжью, в том числе:",31,  56 ,  188 ,  47 ,  348 131 033 ,  28 060 108 ,  319 115 962 ,  954 963 
Кемеровская область,СФО,2021,"      муниципальные
      органы
      испольнительной власти",32,  24 ,  59 ,  17 ,  39 913 137 ,  9 998 300 ,  29 914 837 ,  -   
Кемеровская область,СФО,2021,"      муниципальные
      бюджетные
      учреждения",33,  32 ,  129 ,  30 ,  308 217 896 ,  18 061 808 ,  289 201 125 ,  954 963 
Кировская область,ПФО,2021,"Региональные структуры по работе с молодeжью, в том числе:",28,  3 ,  22 ,  5 ,  64 102 660 ,  31 688 960 ,  32 413 700 ,  -   
Кировская область,ПФО,2021,"      региональный орган
      исполнительной власти",29,  1 ,  8 ,  3 ,  7 736 000 ,  -   ,  7 736 000 ,  -   
Кировская область,ПФО,2021,"      бюджетные
      учреждения",30,  2 ,  14 ,  2 ,  56 366 660 ,  31 688 960 ,  24 677 700 ,  -   
Кировская область,ПФО,2021,"Муниципальные структуры по работе с молодeжью, в том числе:",31,  49 ,  172 ,  21 ,  68 188 431 ,  14 795 501 ,  52 515 020 ,  877 910 
Кировская область,ПФО,2021,"      муниципальные
      органы
      испольнительной власти",32,  45 ,  87 ,  9 ,  31 442 224 ,  14 792 686 ,  15 965 736 ,  683 802 
Кировская область,ПФО,2021,"      муниципальные
      бюджетные
      учреждения",33,  4 ,  85 ,  12 ,  36 746 207 ,  2 815 ,  36 549 284 ,  194 108 
Костромская область,ЦФО,2021,"Региональные структуры по работе с молодeжью, в том числе:",28,  3 ,  59 ,  14 ,  31 230 084 ,  6 691 968 ,  24 538 116 ,  -   
Костромская область,ЦФО,2021,"      региональный орган
      исполнительной власти",29,  1 ,  11 ,  4 ,  7 916 700 ,  910 700 ,  7 006 000 ,  -   
Костромская область,ЦФО,2021,"      бюджетные
      учреждения",30,  2 ,  48 ,  10 ,  23 313 384 ,  5 781 268 ,  17 532 116 ,  -   
Костромская область,ЦФО,2021,"Муниципальные структуры по работе с молодeжью, в том числе:",31,  54 ,  208 ,  20 ,  69 707 384 ,  10 405 257 ,  52 464 892 ,  6 837 235 
Костромская область,ЦФО,2021,"      муниципальные
      органы
      испольнительной власти",32,  29 ,  57 ,  6 ,  18 960 008 ,  1 877 189 ,  17 082 819 ,  -   
Костромская область,ЦФО,2021,"      муниципальные
      бюджетные
      учреждения",33,  25 ,  151 ,  14 ,  50 747 376 ,  8 528 068 ,  35 382 073 ,  6 837 235 
Краснодарский край,ЮФО,2021,"Региональные структуры по работе с молодeжью, в том числе:",28,  5 ,  154 ,  62 ,  226 140 464 ,  127 438 483 ,  90 780 767 ,  7 921 214 
Краснодарский край,ЮФО,2021,"      региональный орган
      исполнительной власти",29,  1 ,  11 ,  -   ,  23 081 411 ,  13 580 000 ,  9 501 411 ,  -   
Краснодарский край,ЮФО,2021,"      бюджетные
      учреждения",30,  4 ,  143 ,  62 ,  203 059 053 ,  113 858 483 ,  81 279 356 ,  7 921 214 
Краснодарский край,ЮФО,2021,"Муниципальные структуры по работе с молодeжью, в том числе:",31,  123 ,  1 236 ,  425 ,  694 951 745 ,  112 905 677 ,  567 683 765 ,  14 362 303 
Краснодарский край,ЮФО,2021,"      муниципальные
      органы
      испольнительной власти",32,  47 ,  199 ,  91 ,  150 566 530 ,  41 520 658 ,  108 212 672 ,  833 200 
Краснодарский край,ЮФО,2021,"      муниципальные
      бюджетные
      учреждения",33,  76 ,  1 037 ,  334 ,  544 385 215 ,  71 385 019 ,  459 471 093 ,  13 529 103 
Красноярский край,СФО,2021,"Региональные структуры по работе с молодeжью, в том числе:",28,  4 ,  315 ,  123 ,  1 262 717 684 ,  1 093 862 111 ,  168 855 573 ,  -   
Красноярский край,СФО,2021,"      региональный орган
      исполнительной власти",29,  1 ,  35 ,  13 ,  783 635 500 ,  733 489 900 ,  50 145 600 ,  -   
Красноярский край,СФО,2021,"      бюджетные
      учреждения",30,  3 ,  280 ,  110 ,  479 082 184 ,  360 372 211 ,  118 709 973 ,  -   
Красноярский край,СФО,2021,"Муниципальные структуры по работе с молодeжью, в том числе:",31,  123 ,  1 097 ,  409 ,  780 620 235 ,  169 097 514 ,  581 012 066 ,  30 510 655 
Красноярский край,СФО,2021,"      муниципальные
      органы
      испольнительной власти",32,  52 ,  99 ,  24 ,  97 750 216 ,  37 998 792 ,  59 751 424 ,  -   
Красноярский край,СФО,2021,"      муниципальные
      бюджетные
      учреждения",33,  71 ,  998 ,  385 ,  682 870 019 ,  131 098 722 ,  521 260 642 ,  30 510 655 
Курганская область,УФО,2021,"Региональные структуры по работе с молодeжью, в том числе:",28,  2 ,  174 ,  8 ,  134 547 155 ,  7 561 793 ,  79 824 862 ,  47 160 500 
Курганская область,УФО,2021,"      региональный орган
      исполнительной власти",29,  1 ,  6 ,  1 ,  9 244 755 ,  7 561 793 ,  1 682 962 ,  -   
Курганская область,УФО,2021,"      бюджетные
      учреждения",30,  1 ,  168 ,  7 ,  125 302 400 ,  -   ,  78 141 900 ,  47 160 500 
Курганская область,УФО,2021,"Муниципальные структуры по работе с молодeжью, в том числе:",31,  52 ,  128 ,  21 ,  76 090 969 ,  38 486 804 ,  24 822 475 ,  12 781 690 
Курганская область,УФО,2021,"      муниципальные
      органы
      испольнительной власти",32,  26 ,  30 ,  10 ,  47 287 477 ,  37 205 020 ,  10 064 257 ,  18 200 
Курганская область,УФО,2021,"      муниципальные
      бюджетные
      учреждения",33,  26 ,  98 ,  11 ,  28 803 492 ,  1 281 784 ,  14 758 218 ,  12 763 490 
Курская область,ЦФО,2021,"Региональные структуры по работе с молодeжью, в том числе:",28,  2 ,  135 ,  1 ,  171 788 859 ,  43 286 152 ,  81 967 880 ,  46 534 827 
Курская область,ЦФО,2021,"      региональный орган
      исполнительной власти",29,  1 ,  15 ,  -   ,  41 528 399 ,  20 103 552 ,  21 424 847 ,  -   
Курская область,ЦФО,2021,"      бюджетные
      учреждения",30,  1 ,  120 ,  1 ,  130 260 460 ,  23 182 600 ,  60 543 033 ,  46 534 827 
Курская область,ЦФО,2021,"Муниципальные структуры по работе с молодeжью, в том числе:",31,  37 ,  153 ,  -   ,  70 484 217 ,  11 262 727 ,  50 175 077 ,  9 046 413 
Курская область,ЦФО,2021,"      муниципальные
      органы
      испольнительной власти",32,  32 ,  72 ,  -   ,  28 174 205 ,  8 999 238 ,  19 174 967 ,  -   
Курская область,ЦФО,2021,"      муниципальные
      бюджетные
      учреждения",33,  5 ,  81 ,  -   ,  42 310 012 ,  2 263 489 ,  31 000 110 ,  9 046 413 
Ленинградская область,СЗФО,2021,"Региональные структуры по работе с молодeжью, в том числе:",28,  3 ,  124 ,  27 ,  259 318 244 ,  138 473 165 ,  118 225 636 ,  2 619 443 
Ленинградская область,СЗФО,2021,"      региональный орган
      исполнительной власти",29,  1 ,  19 ,  1 ,  154 465 631 ,  107 062 974 ,  47 402 657 ,  -   
Ленинградская область,СЗФО,2021,"      бюджетные
      учреждения",30,  2 ,  105 ,  26 ,  104 852 613 ,  31 410 191 ,  70 822 979 ,  2 619 443 
Ленинградская область,СЗФО,2021,"Муниципальные структуры по работе с молодeжью, в том числе:",31,  162 ,  651 ,  151 ,  245 966 049 ,  118 024 559 ,  113 399 061 ,  14 542 429 
Ленинградская область,СЗФО,2021,"      муниципальные
      органы
      испольнительной власти",32,  47 ,  113 ,  18 ,  74 092 468 ,  58 497 996 ,  7 674 888 ,  7 919 584 
Ленинградская область,СЗФО,2021,"      муниципальные
      бюджетные
      учреждения",33,  115 ,  538 ,  133 ,  171 873 581 ,  59 526 563 ,  105 724 173 ,  6 622 845 
Липецкая область,ЦФО,2021,"Региональные структуры по работе с молодeжью, в том числе:",28,  2 ,  50 ,  2 ,  59 182 440 ,  21 675 025 ,  37 507 415 ,  -   
Липецкая область,ЦФО,2021,"      региональный орган
      исполнительной власти",29,  1 ,  4 ,  1 ,  7 163 049 ,  4 385 000 ,  2 778 049 ,
Липецкая область,ЦФО,2021,"      бюджетные
      учреждения",30,  1 ,  46 ,  1 ,  52 019 391 ,  17 290 025 ,  34 729 366 ,
Липецкая область,ЦФО,2021,"Муниципальные структуры по работе с молодeжью, в том числе:",31,  23 ,  94 ,  14 ,  54 127 686 ,  22 871 566 ,  31 256 120 ,  -   
Липецкая область,ЦФО,2021,"      муниципальные
      органы
      испольнительной власти",32,  19 ,  51 ,  11 ,  42 925 004 ,  21 058 166 ,  21 866 838 ,  -   
Липецкая область,ЦФО,2021,"      муниципальные
      бюджетные
      учреждения",33,  4 ,  43 ,  3 ,  11 202 682 ,  1 813 400 ,  9 389 282 ,  -   
Магаданская область,ДФО,2021,"Региональные структуры по работе с молодeжью, в том числе:",28,  2 ,  22 ,  -   ,  137 932 161 ,  107 680 473 ,  29 239 330 ,  1 012 358 
Магаданская область,ДФО,2021,"      региональный орган
      исполнительной власти",29,  1 ,  7 ,  -   ,  101 157 205 ,  90 410 200 ,  10 747 005 ,  -   
Магаданская область,ДФО,2021,"      бюджетные
      учреждения",30,  1 ,  15 ,  -   ,  36 774 956 ,  17 270 273 ,  18 492 325 ,  1 012 358 
Магаданская область,ДФО,2021,"Муниципальные структуры по работе с молодeжью, в том числе:",31,  13 ,  92 ,  -   ,  93 501 523 ,  15 062 876 ,  75 999 051 ,  2 439 596 
Магаданская область,ДФО,2021,"      муниципальные
      органы
      испольнительной власти",32,  9 ,  16 ,  -   ,  33 737 384 ,  13 208 044 ,  20 529 340 ,  -   
Магаданская область,ДФО,2021,"      муниципальные
      бюджетные
      учреждения",33,  4 ,  76 ,  -   ,  59 764 139 ,  1 854 832 ,  55 469 711 ,  2 439 596 
Москва,ЦФО,2021,"Региональные структуры по работе с молодeжью, в том числе:",28,  6 ,  314 ,  131 ,  1 194 369 386 ,  904 359 740 ,  290 009 646 ,  -   
Москва,ЦФО,2021,"      региональный орган
      исполнительной власти",29,  1 ,  7 ,  5 ,  827 759 881 ,  824 116 400 ,  3 643 481 ,  -   
Москва,ЦФО,2021,"      бюджетные
      учреждения",30,  5 ,  307 ,  126 ,  366 609 505 ,  80 243 340 ,  286 366 165 ,  -   
Москва,ЦФО,2021,"Муниципальные структуры по работе с молодeжью, в том числе:",31,  -   ,  -   ,  -   ,  -   ,  -   ,  -   ,  -   
Москва,ЦФО,2021,"      муниципальные
      органы
      испольнительной власти",32,  -   ,  -   ,  -   ,  -   ,  -   ,  -   ,  -   
Москва,ЦФО,2021,"      муниципальные
      бюджетные
      учреждения",33,  -   ,  -   ,  -   ,  -   ,  -   ,  -   ,  -   
Московская область,ЦФО,2021,"Региональные структуры по работе с молодeжью, в том числе:",28,  2 ,  23 ,  -   ,  96 482 440 ,  55 161 750 ,  41 320 690 ,  -   
Московская область,ЦФО,2021,"      региональный орган
      исполнительной власти",29,  1 ,  5 ,  -   ,  47 217 073 ,  36 900 000 ,  10 317 073 ,  -   
Московская область,ЦФО,2021,"      бюджетные
      учреждения",30,  1 ,  18 ,  -   ,  49 265 367 ,  18 261 750 ,  31 003 617 ,  -   
Московская область,ЦФО,2021,"Муниципальные структуры по работе с молодeжью, в том числе:",31,  140 ,  2 201 ,  363 ,  1 237 491 814 ,  381 852 635 ,  816 468 200 ,  39 170 979 
Московская область,ЦФО,2021,"      муниципальные
      органы
      испольнительной власти",32,  59 ,  182 ,  34 ,  142 252 682 ,  94 535 669 ,  47 478 515 ,  238 498 
Московская область,ЦФО,2021,"      муниципальные
      бюджетные
      учреждения",33,  81 ,  2 019 ,  329 ,  1 095 239 132 ,  287 316 966 ,  768 989 685 ,  38 932 481 
Мурманская область,СЗФО,2021,"Региональные структуры по работе с молодeжью, в том числе:",28,  3 ,  41 ,  3 ,  135 245 000 ,  56 608 200 ,  20 114 900 ,  58 521 900 
Мурманская область,СЗФО,2021,"      региональный орган
      исполнительной власти",29,  1 ,  11 ,  -   ,  124 884 500 ,  46 247 700 ,  20 114 900 ,  58 521 900 
Мурманская область,СЗФО,2021,"      бюджетные
      учреждения",30,  2 ,  30 ,  3 ,  10 360 500 ,  10 360 500 ,,
Мурманская область,СЗФО,2021,"Муниципальные структуры по работе с молодeжью, в том числе:",31,  40 ,  215 ,  51 ,  210 069 025 ,  50 358 805 ,  147 281 955 ,  12 428 265 
Мурманская область,СЗФО,2021,"      муниципальные
      органы
      испольнительной власти",32,  17 ,  26 ,  4 ,  36 240 139 ,  13 630 362 ,  19 458 389 ,  3 151 388 
Мурманская область,СЗФО,2021,"      муниципальные
      бюджетные
      учреждения",33,  23 ,  189 ,  47 ,  173 828 886 ,  36 728 443 ,  127 823 566 ,  9 276 877 
Ненецкий автономный округ,СЗФО,2021,"Региональные структуры по работе с молодeжью, в том числе:",28,  2 ,  19 ,  18 ,  38 126 908 ,  24 557 800 ,  13 569 108 ,  -   
Ненецкий автономный округ,СЗФО,2021,"      региональный орган
      исполнительной власти",29,  1 ,  4 ,  4 ,  4 583 708 ,  240 000 ,  4 343 708 ,  -   
Ненецкий автономный округ,СЗФО,2021,"      бюджетные
      учреждения",30,  1 ,  15 ,  14 ,  33 543 200 ,  24 317 800 ,  9 225 400 ,  -   
Ненецкий автономный округ,СЗФО,2021,"Муниципальные структуры по работе с молодeжью, в том числе:",31,  1 ,  2 ,  1 ,  692 116 ,  692 116 ,  -   ,  -   
Ненецкий автономный округ,СЗФО,2021,"      муниципальные
      органы
      испольнительной власти",32,  1 ,  2 ,  1 ,  692 116 ,  692 116 ,  -   ,  -   
Ненецкий автономный округ,СЗФО,2021,"      муниципальные
      бюджетные
      учреждения",33,  -   ,  -   ,  -   ,  -   ,  -   ,  -   ,  -   
Нижегородская область,ПФО,2021,"Региональные структуры по работе с молодeжью, в том числе:",28,  4 ,  100 ,  -   ,  119 564 508 ,  74 579 488 ,  44 985 020 ,  -   
Нижегородская область,ПФО,2021,"      региональный орган
      исполнительной власти",29,  1 ,  10 ,  -   ,  10 284 349 ,  5 000 000 ,  5 284 349 ,  -   
Нижегородская область,ПФО,2021,"      бюджетные
      учреждения",30,  3 ,  90 ,  -   ,  109 280 159 ,  69 579 488 ,  39 700 671 ,  -   
Нижегородская область,ПФО,2021,"Муниципальные структуры по работе с молодeжью, в том числе:",31,  64 ,  566 ,  19 ,  283 356 416 ,  37 365 455 ,  232 521 918 ,  13 469 043 
Нижегородская область,ПФО,2021,"      муниципальные
      органы
      испольнительной власти",32,  52 ,  99 ,  19 ,  57 348 683 ,  18 593 328 ,  38 154 173 ,  601 182 
Нижегородская область,ПФО,2021,"      муниципальные
      бюджетные
      учреждения",33,  12 ,  467 ,  -   ,  226 007 733 ,  18 772 127 ,  194 367 745 ,  12 867 861 
Новгородская область,СЗФО,2021,"Региональные структуры по работе с молодeжью, в том числе:",28,  2 ,  20 ,  12 ,  33 482 458 ,  16 233 447 ,  16 376 147 ,  872 864 
Новгородская область,СЗФО,2021,"      региональный орган
      исполнительной власти",29,  1 ,  3 ,  2 ,  2 083 564 ,  -   ,  2 083 564 ,  -   
Новгородская область,СЗФО,2021,"      бюджетные
      учреждения",30,  1 ,  17 ,  10 ,  31 398 894 ,  16 233 447 ,  14 292 583 ,  872 864 
Новгородская область,СЗФО,2021,"Муниципальные структуры по работе с молодeжью, в том числе:",31,  36 ,  164 ,  96 ,  97 828 500 ,  4 187 022 ,  82 882 980 ,  10 758 498 
Новгородская область,СЗФО,2021,"      муниципальные
      органы
      испольнительной власти",32,  21 ,  36 ,  23 ,  13 583 396 ,  2 283 161 ,  11 300 235 ,  -   
Новгородская область,СЗФО,2021,"      муниципальные
      бюджетные
      учреждения",33,  15 ,  128 ,  73 ,  84 245 104 ,  1 903 861 ,  71 582 745 ,  10 758 498 
Новосибирская область,СФО,2021,"Региональные структуры по работе с молодeжью, в том числе:",28,  2 ,  123 ,  66 ,  136 125 358 ,  39 208 266 ,  89 611 685 ,  7 305 407 
Новосибирская область,СФО,2021,"      региональный орган
      исполнительной власти",29,  1 ,  8 ,  1 ,  -   ,  -   ,  -   ,  -   
Новосибирская область,СФО,2021,"      бюджетные
      учреждения",30,  1 ,  115 ,  65 ,  136 125 358 ,  39 208 266 ,  89 611 685 ,  7 305 407 
Новосибирская область,СФО,2021,"Муниципальные структуры по работе с молодeжью, в том числе:",31,  68 ,  1 289 ,  469 ,  155 423 472 ,  30 080 123 ,  121 856 635 ,  3 486 714 
Новосибирская область,СФО,2021,"      муниципальные
      органы
      испольнительной власти",32,  25 ,  53 ,  30 ,  24 305 726 ,  7 252 811 ,  17 052 915 ,  -   
Новосибирская область,СФО,2021,"      муниципальные
      бюджетные
      учреждения",33,  43 ,  1 236 ,  439 ,  131 117 746 ,  22 827 312 ,  104 803 720 ,  3 486 714 
Омская область,СФО,2021,"Региональные структуры по работе с молодeжью, в том числе:",28,  4 ,  98 ,  23 ,  143 842 861 ,  75 634 048 ,  67 937 838 ,  270 975 
Омская область,СФО,2021,"      региональный орган
      исполнительной власти",29,  1 ,  9 ,  2 ,  62 990 867 ,  62 547 625 ,  443 242 ,  -   
Омская область,СФО,2021,"      бюджетные
      учреждения",30,  3 ,  89 ,  21 ,  80 851 994 ,  13 086 423 ,  67 494 596 ,  270 975 
Омская область,СФО,2021,"Муниципальные структуры по работе с молодeжью, в том числе:",31,  53 ,  808 ,  98 ,  292 569 256 ,  43 567 094 ,  239 082 974 ,  9 919 188 
Омская область,СФО,2021,"      муниципальные
      органы
      испольнительной власти",32,  18 ,  50 ,  14 ,  22 337 580 ,  7 246 463 ,  13 227 380 ,  1 863 737 
Омская область,СФО,2021,"      муниципальные
      бюджетные
      учреждения",33,  35 ,  758 ,  84 ,  270 231 676 ,  36 320 631 ,  225 855 594 ,  8 055 451 
Оренбургская область,ПФО,2021,"Региональные структуры по работе с молодeжью, в том числе:",28,  2 ,  59 ,  44 ,  191 872 358 ,  147 713 129 ,  42 297 332 ,  1 861 897 
Оренбургская область,ПФО,2021,"      региональный орган
      исполнительной власти",29,  1 ,  10 ,  3 ,  61 299 342 ,  50 673 727 ,  10 625 615 ,  -   
Оренбургская область,ПФО,2021,"      бюджетные
      учреждения",30,  1 ,  49 ,  41 ,  130 573 016 ,  97 039 402 ,  31 671 717 ,  1 861 897 
Оренбургская область,ПФО,2021,"Муниципальные структуры по работе с молодeжью, в том числе:",31,  47 ,  122 ,  44 ,  67 261 640 ,  15 522 082 ,  51 739 558 ,  -   
Оренбургская область,ПФО,2021,"      муниципальные
      органы
      испольнительной власти",32,  41 ,  60 ,  27 ,  34 719 939 ,  9 259 745 ,  25 460 194 ,  -   
Оренбургская область,ПФО,2021,"      муниципальные
      бюджетные
      учреждения",33,  6 ,  62 ,  17 ,  32 541 701 ,  6 262 337 ,  26 279 364 ,  -   
Орловская область,ЦФО,2021,"Региональные структуры по работе с молодeжью, в том числе:",28,  2 ,  57 ,  36 ,  22 180 969 ,  19 638 284 ,  2 542 685 ,  -   
Орловская область,ЦФО,2021,"      региональный орган
      исполнительной власти",29,  1 ,  8 ,  3 ,  4 290 500 ,  4 290 500 ,,
Орловская область,ЦФО,2021,"      бюджетные
      учреждения",30,  1 ,  49 ,  33 ,  17 890 469 ,  15 347 784 ,  2 542 685 ,
Орловская область,ЦФО,2021,"Муниципальные структуры по работе с молодeжью, в том числе:",31,  26 ,  37 ,  7 ,  9 304 951 ,  4 275 486 ,  5 029 465 ,  -   
Орловская область,ЦФО,2021,"      муниципальные
      органы
      испольнительной власти",32,  26 ,  37 ,  7 ,  9 304 951 ,  4 275 486 ,  5 029 465 ,
Орловская область,ЦФО,2021,"      муниципальные
      бюджетные
      учреждения",33,,,,  -   ,,,
Пензенская область,ПФО,2021,"Региональные структуры по работе с молодeжью, в том числе:",28,  2 ,  35 ,  -   ,  42 949 700 ,  27 561 400 ,  15 388 300 ,  -   
Пензенская область,ПФО,2021,"      региональный орган
      исполнительной власти",29,  1 ,  4 ,  -   ,  25 347 300 ,  25 347 300 ,  -   ,  -   
Пензенская область,ПФО,2021,"      бюджетные
      учреждения",30,  1 ,  31 ,  -   ,  17 602 400 ,  2 214 100 ,  15 388 300 ,  -   
Пензенская область,ПФО,2021,"Муниципальные структуры по работе с молодeжью, в том числе:",31,  30 ,  97 ,  3 ,  18 696 369 ,  6 326 338 ,  12 370 031 ,  -   
Пензенская область,ПФО,2021,"      муниципальные
      органы
      испольнительной власти",32,  28 ,  31 ,  -   ,  6 859 521 ,  4 949 338 ,  1 910 183 ,  -   
Пензенская область,ПФО,2021,"      муниципальные
      бюджетные
      учреждения",33,  2 ,  66 ,  3 ,  11 836 848 ,  1 377 000 ,  10 459 848 ,  -   
Пермский край,ПФО,2021,"Региональные структуры по работе с молодeжью, в том числе:",28,  2 ,  8 ,  8 ,  91 740 761 ,  82 276 278 ,  9 464 483 ,  -   
Пермский край,ПФО,2021,"      региональный орган
      исполнительной власти",29,  1 ,  4 ,  4 ,  24 764 862 ,  20 860 000 ,  3 904 862 ,  -   
Пермский край,ПФО,2021,"      бюджетные
      учреждения",30,  1 ,  4 ,  4 ,  66 975 899 ,  61 416 278 ,  5 559 621 ,  -   
Пермский край,ПФО,2021,"Муниципальные структуры по работе с молодeжью, в том числе:",31,  53 ,  283 ,  21 ,  226 868 880 ,  130 154 816 ,  76 959 281 ,  19 754 783 
Пермский край,ПФО,2021,"      муниципальные
      органы
      испольнительной власти",32,  42 ,  90 ,  11 ,  71 237 191 ,  58 317 451 ,  11 209 150 ,  1 710 590 
Пермский край,ПФО,2021,"      муниципальные
      бюджетные
      учреждения",33,  11 ,  193 ,  10 ,  155 631 689 ,  71 837 365 ,  65 750 131 ,  18 044 193 
Приморский край,ДФО,2021,"Региональные структуры по работе с молодeжью, в том числе:",28,  2 ,  23 ,  -   ,  77 354 646 ,  42 006 085 ,  35 348 561 ,  -   
Приморский край,ДФО,2021,"      региональный орган
      исполнительной власти",29,  1 ,  10 ,  -   ,  30 018 094 ,  17 375 923 ,  12 642 171 ,
Приморский край,ДФО,2021,"      бюджетные
      учреждения",30,  1 ,  13 ,  -   ,  47 336 552 ,  24 630 162 ,  22 706 390 ,
Приморский край,ДФО,2021,"Муниципальные структуры по работе с молодeжью, в том числе:",31,  124 ,  1 385 ,  286 ,  616 267 464 ,  43 522 242 ,  538 756 944 ,  33 988 278 
Приморский край,ДФО,2021,"      муниципальные
      органы
      испольнительной власти",32,  30 ,  68 ,  12 ,  76 057 369 ,  33 080 621 ,  39 074 147 ,  3 902 601 
Приморский край,ДФО,2021,"      муниципальные
      бюджетные
      учреждения",33,  94 ,  1 317 ,  274 ,  540 210 095 ,  10 441 621 ,  499 682 797 ,  30 085 677 
Псковская область,СЗФО,2021,"Региональные структуры по работе с молодeжью, в том числе:",28,  2 ,  35 ,  16 ,  90 410 056 ,  11 877 743 ,  78 318 690 ,  213 623 
Псковская область,СЗФО,2021,"      региональный орган
      исполнительной власти",29,  1 ,  9 ,  2 ,  74 707 000 ,  6 548 000 ,  68 159 000 ,  -   
Псковская область,СЗФО,2021,"      бюджетные
      учреждения",30,  1 ,  26 ,  14 ,  15 703 056 ,  5 329 743 ,  10 159 690 ,  213 623 
Псковская область,СЗФО,2021,"Муниципальные структуры по работе с молодeжью, в том числе:",31,  33 ,  77 ,  8 ,  31 777 461 ,  10 681 571 ,  19 959 651 ,  1 136 239 
Псковская область,СЗФО,2021,"      муниципальные
      органы
      испольнительной власти",32,  12 ,  23 ,  2 ,  9 657 110 ,  7 156 859 ,  2 500 251 ,
Псковская область,СЗФО,2021,"      муниципальные
      бюджетные
      учреждения",33,  21 ,  54 ,  6 ,  22 120 351 ,  3 524 712 ,  17 459 400 ,  1 136 239 
Республика Адыгея,ЮФО,2021,"Региональные структуры по работе с молодeжью, в том числе:",28,  2 ,  9 ,  -   ,  15 132 030 ,  10 805 100 ,  4 326 930 ,  -   
Республика Адыгея,ЮФО,2021,"      региональный орган
      исполнительной власти",29,  1 ,  4 ,  -   ,  14 586 530 ,  10 805 100 ,  3 781 430 ,  -   
Республика Адыгея,ЮФО,2021,"      бюджетные
      учреждения",30,  1 ,  5 ,  -   ,  545 500 ,  -   ,  545 500 ,  -   
Республика Адыгея,ЮФО,2021,"Муниципальные структуры по работе с молодeжью, в том числе:",31,  10 ,  35 ,  -   ,  18 963 800 ,  3 933 200 ,  15 030 600 ,  -   
Республика Адыгея,ЮФО,2021,"      муниципальные
      органы
      испольнительной власти",32,  9 ,  18 ,  -   ,  12 746 800 ,  3 933 200 ,  8 813 600 ,  -   
Республика Адыгея,ЮФО,2021,"      муниципальные
      бюджетные
      учреждения",33,  1 ,  17 ,  -   ,  6 217 000 ,,  6 217 000 ,
Республика Алтай,СФО,2021,"Региональные структуры по работе с молодeжью, в том числе:",28,  2 ,  16 ,  16 ,  17 277 500 ,  8 755 940 ,  8 521 560 ,  -   
Республика Алтай,СФО,2021,"      региональный орган
      исполнительной власти",29,  1 ,  2 ,  2 ,  -   ,  -   ,  -   ,  -   
Республика Алтай,СФО,2021,"      бюджетные
      учреждения",30,  1 ,  14 ,  14 ,  17 277 500 ,  8 755 940 ,  8 521 560 ,  -   
Республика Алтай,СФО,2021,"Муниципальные структуры по работе с молодeжью, в том числе:",31,  12 ,  37 ,  21 ,  9 898 182 ,  2 124 788 ,  7 473 394 ,  300 000 
Республика Алтай,СФО,2021,"      муниципальные
      органы
      испольнительной власти",32,  10 ,  18 ,  11 ,  1 920 426 ,  916 915 ,  1 003 511 ,  -   
Республика Алтай,СФО,2021,"      муниципальные
      бюджетные
      учреждения",33,  2 ,  19 ,  10 ,  7 977 756 ,  1 207 873 ,  6 469 883 ,  300 000 
Республика Башкортостан,ПФО,2021,"Региональные структуры по работе с молодeжью, в том числе:",28,  4 ,  142 ,  11 ,  1 446 960 660 ,  1 394 550 713 ,  47 170 456 ,  5 239 491 
Республика Башкортостан,ПФО,2021,"      региональный орган
      исполнительной власти",29,  1 ,  11 ,  3 ,  780 106 534 ,  773 495 210 ,  6 611 324 ,  -   
Республика Башкортостан,ПФО,2021,"      бюджетные
      учреждения",30,  3 ,  131 ,  8 ,  666 854 126 ,  621 055 503 ,  40 559 132 ,  5 239 491 
Республика Башкортостан,ПФО,2021,"Муниципальные структуры по работе с молодeжью, в том числе:",31,  135 ,  1 293 ,  278 ,  807 046 672 ,  644 354 229 ,  109 612 299 ,  53 080 144 
Республика Башкортостан,ПФО,2021,"      муниципальные
      органы
      испольнительной власти",32,  70 ,  137 ,  43 ,  71 721 208 ,  37 430 764 ,  34 290 444 ,  -   
Республика Башкортостан,ПФО,2021,"      муниципальные
      бюджетные
      учреждения",33,  65 ,  1 156 ,  235 ,  735 325 464 ,  606 923 465 ,  75 321 855 ,  53 080 144 
Республика Бурятия,ДФО,2021,"Региональные структуры по работе с молодeжью, в том числе:",28,  2 ,  23 ,  -   ,  29 572 099 ,  18 434 728 ,  11 137 371 ,  -   
Республика Бурятия,ДФО,2021,"      региональный орган
      исполнительной власти",29,  1 ,  7 ,  -   ,  2 954 371 ,  2 580 000 ,  374 371 ,  -   
Республика Бурятия,ДФО,2021,"      бюджетные
      учреждения",30,  1 ,  16 ,  -   ,  26 617 728 ,  15 854 728 ,  10 763 000 ,  -   
Республика Бурятия,ДФО,2021,"Муниципальные структуры по работе с молодeжью, в том числе:",31,  24 ,  33 ,  -   ,  12 181 309 ,  11 038 158 ,  1 143 151 ,  -   
Республика Бурятия,ДФО,2021,"      муниципальные
      органы
      испольнительной власти",32,  23 ,  32 ,  -   ,  11 038 158 ,  11 038 158 ,,  -   
Республика Бурятия,ДФО,2021,"      муниципальные
      бюджетные
      учреждения",33,  1 ,  1 ,  -   ,  1 143 151 ,,  1 143 151 ,  -   
Республика Дагестан,СКФО,2021,"Региональные структуры по работе с молодeжью, в том числе:",28,  2 ,  63 ,  30 ,  77 407 363 ,  44 142 317 ,  32 059 406 ,  1 205 640 
Республика Дагестан,СКФО,2021,"      региональный орган
      исполнительной власти",29,  1 ,  22 ,  20 ,  49 591 146 ,  24 519 500 ,  23 866 006 ,  1 205 640 
Республика Дагестан,СКФО,2021,"      бюджетные
      учреждения",30,  1 ,  41 ,  10 ,  27 816 217 ,  19 622 817 ,  8 193 400 ,  -   
Республика Дагестан,СКФО,2021,"Муниципальные структуры по работе с молодeжью, в том числе:",31,  60 ,  173 ,  -   ,  60 339 600 ,  60 339 600 ,  -   ,  -   
Республика Дагестан,СКФО,2021,"      муниципальные
      органы
      испольнительной власти",32,  52 ,  113 ,  -   ,  60 339 600 ,  60 339 600 ,  -   ,  -   
Республика Дагестан,СКФО,2021,"      муниципальные
      бюджетные
      учреждения",33,  8 ,  60 ,  -   ,  -   ,  -   ,  -   ,  -   
Республика Ингушетия,СКФО,2021,"Региональные структуры по работе с молодeжью, в том числе:",28,  2 ,  46 ,  43 ,  20 109 459 ,  5 350 000 ,  14 759 459 ,  -   
Республика Ингушетия,СКФО,2021,"      региональный орган
      исполнительной власти",29,  1 ,  13 ,  10 ,  11 715 400 ,  5 350 000 ,  6 365 400 ,  -   
Республика Ингушетия,СКФО,2021,"      бюджетные
      учреждения",30,  1 ,  33 ,  33 ,  8 394 059 ,  -   ,  8 394 059 ,  -   
Республика Ингушетия,СКФО,2021,"Муниципальные структуры по работе с молодeжью, в том числе:",31,  -   ,  -   ,  -   ,  -   ,  -   ,  -   ,  -   
Республика Ингушетия,СКФО,2021,"      муниципальные
      органы
      испольнительной власти",32,  -   ,  -   ,  -   ,  -   ,  -   ,  -   ,  -   
Республика Ингушетия,СКФО,2021,"      муниципальные
      бюджетные
      учреждения",33,  -   ,  -   ,  -   ,  -   ,  -   ,  -   ,  -   
Республика Калмыкия,ЮФО,2021,"Региональные структуры по работе с молодeжью, в том числе:",28,  2 ,  56 ,  1 ,  15 612 668 ,  2 125 705 ,  13 486 963 ,  -   
Республика Калмыкия,ЮФО,2021,"      региональный орган
      исполнительной власти",29,  1 ,  23 ,  1 ,  3 772 380 ,,  3 772 380 ,  -   
Республика Калмыкия,ЮФО,2021,"      бюджетные
      учреждения",30,  1 ,  33 ,,  11 840 288 ,  2 125 705 ,  9 714 583 ,  -   
Республика Калмыкия,ЮФО,2021,"Муниципальные структуры по работе с молодeжью, в том числе:",31,  17 ,  77 ,  30 ,  12 928 689 ,  750 000 ,  12 178 689 ,  -   
Республика Калмыкия,ЮФО,2021,"      муниципальные
      органы
      испольнительной власти",32,  14 ,  14 ,,  4 110 000 ,  750 000 ,  3 360 000 ,  -   
Республика Калмыкия,ЮФО,2021,"      муниципальные
      бюджетные
      учреждения",33,  3 ,  63 ,  30 ,  8 818 689 ,,  8 818 689 ,  -   
Республика Карелия,СЗФО,2021,"Региональные структуры по работе с молодeжью, в том числе:",28,  2 ,  33 ,  33 ,  14 000 000 ,  2 100 000 ,  2 264 000 ,  9 636 000 
Республика Карелия,СЗФО,2021,"      региональный орган
      исполнительной власти",29,  1 ,  3 ,  3 ,  -   ,  -   ,  -   ,  -   
Республика Карелия,СЗФО,2021,"      бюджетные
      учреждения",30,  1 ,  30 ,  30 ,  14 000 000 ,  2 100 000 ,  2 264 000 ,  9 636 000 
Республика Карелия,СЗФО,2021,"Муниципальные структуры по работе с молодeжью, в том числе:",31,  31 ,  113 ,  36 ,  3 939 189 ,  1 766 470 ,  1 837 419 ,  335 300 
Республика Карелия,СЗФО,2021,"      муниципальные
      органы
      испольнительной власти",32,  10 ,  19 ,  5 ,  1 012 745 ,  1 011 564 ,  1 181 ,  -   
Республика Карелия,СЗФО,2021,"      муниципальные
      бюджетные
      учреждения",33,  21 ,  94 ,  31 ,  2 926 444 ,  754 906 ,  1 836 238 ,  335 300 
Республика Коми,СЗФО,2021,"Региональные структуры по работе с молодeжью, в том числе:",28,  2 ,  17 ,  -   ,  30 082 468 ,  13 764 459 ,  16 318 009 ,  -   
Республика Коми,СЗФО,2021,"      региональный орган
      исполнительной власти",29,  1 ,  3 ,  -   ,  18 800 006 ,  13 361 750 ,  5 438 256 ,  -   
Республика Коми,СЗФО,2021,"      бюджетные
      учреждения",30,  1 ,  14 ,,  11 282 462 ,  402 709 ,  10 879 753 ,
Республика Коми,СЗФО,2021,"Муниципальные структуры по работе с молодeжью, в том числе:",31,  23 ,  80 ,  12 ,  48 652 340 ,  18 869 089 ,  29 751 322 ,  31 929 
Республика Коми,СЗФО,2021,"      муниципальные
      органы
      испольнительной власти",32,  20 ,  46 ,  9 ,  35 018 821 ,  18 469 089 ,  16 517 803 ,  31 929 
Республика Коми,СЗФО,2021,"      муниципальные
      бюджетные
      учреждения",33,  3 ,  34 ,  3 ,  13 633 519 ,  400 000 ,  13 233 519 ,
Республика Крым,ЮФО,2021,"Региональные структуры по работе с молодeжью, в том числе:",28,  2 ,  39 ,  -   ,  344 463 507 ,  276 062 160 ,  53 601 347 ,  14 800 000 
Республика Крым,ЮФО,2021,"      региональный орган
      исполнительной власти",29,  1 ,  22 ,  -   ,  289 106 608 ,  265 198 705 ,  23 907 903 ,  -   
Республика Крым,ЮФО,2021,"      бюджетные
      учреждения",30,  1 ,  17 ,  -   ,  55 356 899 ,  10 863 455 ,  29 693 444 ,  14 800 000 
Республика Крым,ЮФО,2021,"Муниципальные структуры по работе с молодeжью, в том числе:",31,  40 ,  309 ,  1 ,  46 297 702 ,  5 065 112 ,  30 855 757 ,  10 376 833 
Республика Крым,ЮФО,2021,"      муниципальные
      органы
      испольнительной власти",32,  25 ,  70 ,  -   ,  10 005 524 ,  3 677 045 ,  6 328 479 ,  -   
Республика Крым,ЮФО,2021,"      муниципальные
      бюджетные
      учреждения",33,  15 ,  239 ,  1 ,  36 292 178 ,  1 388 067 ,  24 527 278 ,  10 376 833 
Республика Марий Эл,ПФО,2021,"Региональные структуры по работе с молодeжью, в том числе:",28,  3 ,  103 ,  45 ,  80 548 397 ,  31 509 489 ,  39 056 405 ,  9 982 503 
Республика Марий Эл,ПФО,2021,"      региональный орган
      исполнительной власти",29,  1 ,  9 ,  9 ,  8 218 940 ,  3 566 242 ,  4 652 698 ,  -   
Республика Марий Эл,ПФО,2021,"      бюджетные
      учреждения",30,  2 ,  94 ,  36 ,  72 329 457 ,  27 943 247 ,  34 403 707 ,  9 982 503 
Республика Марий Эл,ПФО,2021,"Муниципальные структуры по работе с молодeжью, в том числе:",31,  17 ,  24 ,  21 ,  7 318 276 ,  1 858 806 ,  5 459 470 ,  -   
Республика Марий Эл,ПФО,2021,"      муниципальные
      органы
      испольнительной власти",32,  17 ,  24 ,  21 ,  7 318 276 ,  1 858 806 ,  5 459 470 ,  -   
Республика Марий Эл,ПФО,2021,"      муниципальные
      бюджетные
      учреждения",33,  -   ,  -   ,  -   ,  -   ,  -   ,  -   ,  -   
Республика Мордовия,ПФО,2021,"Региональные структуры по работе с молодeжью, в том числе:",28,  2 ,  88 ,  32 ,  149 598 830 ,  109 267 000 ,  40 331 830 ,  -   
Республика Мордовия,ПФО,2021,"      региональный орган
      исполнительной власти",29,  1 ,  8 ,  2 ,  108 508 800 ,  101 289 300 ,  7 219 500 ,  -   
Республика Мордовия,ПФО,2021,"      бюджетные
      учреждения",30,  1 ,  80 ,  30 ,  41 090 030 ,  7 977 700 ,  33 112 330 ,  -   
Республика Мордовия,ПФО,2021,"Муниципальные структуры по работе с молодeжью, в том числе:",31,  21 ,  138 ,  9 ,  19 913 083 ,  2 031 283 ,  17 881 800 ,  -   
Республика Мордовия,ПФО,2021,"      муниципальные
      органы
      испольнительной власти",32,  19 ,  25 ,  -   ,  1 343 883 ,  1 343 883 ,  -   ,  -   
Республика Мордовия,ПФО,2021,"      муниципальные
      бюджетные
      учреждения",33,  2 ,  113 ,  9 ,  18 569 200 ,  687 400 ,  17 881 800 ,  -   
Республика Саха (Якутия),ДФО,2021,"Региональные структуры по работе с молодeжью, в том числе:",28,  2 ,  134 ,  101 ,  190 918 495 ,  71 393 104 ,  119 525 391 ,  -   
Республика Саха (Якутия),ДФО,2021,"      региональный орган
      исполнительной власти",29,  1 ,  21 ,  1 ,  94 076 694 ,  59 353 972 ,  34 722 722 ,  -   
Республика Саха (Якутия),ДФО,2021,"      бюджетные
      учреждения",30,  1 ,  113 ,  100 ,  96 841 801 ,  12 039 132 ,  84 802 669 ,  -   
Республика Саха (Якутия),ДФО,2021,"Муниципальные структуры по работе с молодeжью, в том числе:",31,  180 ,  336 ,  29 ,  77 941 577 ,  42 189 010 ,  35 638 343 ,  114 224 
Республика Саха (Якутия),ДФО,2021,"      муниципальные
      органы
      испольнительной власти",32,  172 ,  311 ,  24 ,  60 803 058 ,  33 593 547 ,  27 095 287 ,  114 224 
Республика Саха (Якутия),ДФО,2021,"      муниципальные
      бюджетные
      учреждения",33,  8 ,  25 ,  5 ,  17 138 519 ,  8 595 463 ,  8 543 056 ,  -   
Республика Северная Осетия - Алания,СКФО,2021,"Региональные структуры по работе с молодeжью, в том числе:",28,  6 ,  224 ,  -   ,  22 281 001 ,  10 434 950 ,  11 846 051 ,  -   
Республика Северная Осетия - Алания,СКФО,2021,"      региональный орган
      исполнительной власти",29,  1 ,  17 ,  -   ,  16 575 470 ,  8 277 270 ,  8 298 200 ,  -   
Республика Северная Осетия - Алания,СКФО,2021,"      бюджетные
      учреждения",30,  5 ,  207 ,  -   ,  5 705 531 ,  2 157 680 ,  3 547 851 ,  -   
Республика Северная Осетия - Алания,СКФО,2021,"Муниципальные структуры по работе с молодeжью, в том числе:",31,  9 ,  30 ,  -   ,  4 624 221 ,  2 238 750 ,  2 385 471 ,  -   
Республика Северная Осетия - Алания,СКФО,2021,"      муниципальные
      органы
      испольнительной власти",32,  9 ,  30 ,  -   ,  4 624 221 ,  2 238 750 ,  2 385 471 ,
Республика Северная Осетия - Алания,СКФО,2021,"      муниципальные
      бюджетные
      учреждения",33,  -   ,  -   ,  -   ,  -   ,  -   ,  -   ,  -   
Республика Татарстан,ПФО,2021,"Региональные структуры по работе с молодeжью, в том числе:",28,  13 ,  513 ,  194 ,  3 312 045 669 ,  1 558 773 309 ,  391 993 810 ,  1 361 278 550 
Республика Татарстан,ПФО,2021,"      региональный орган
      исполнительной власти",29,  1 ,  47 ,  27 ,  742 904 555 ,  687 466 745 ,  55 437 810 ,  -   
Республика Татарстан,ПФО,2021,"      бюджетные
      учреждения",30,  12 ,  466 ,  167 ,  2 569 141 114 ,  871 306 564 ,  336 556 000 ,  1 361 278 550 
Республика Татарстан,ПФО,2021,"Муниципальные структуры по работе с молодeжью, в том числе:",31,  411 ,  3 421 ,  2 503 ,  1 087 133 351 ,  54 152 848 ,  1 007 378 842 ,  25 601 661 
Республика Татарстан,ПФО,2021,"      муниципальные
      органы
      испольнительной власти",32,  45 ,  112 ,  54 ,  106 750 677 ,  17 076 393 ,  88 854 495 ,  819 789 
Республика Татарстан,ПФО,2021,"      муниципальные
      бюджетные
      учреждения",33,  366 ,  3 309 ,  2 449 ,  980 382 674 ,  37 076 455 ,  918 524 347 ,  24 781 872 
Республика Тыва,СФО,2021,"Региональные структуры по работе с молодeжью, в том числе:",28,  1 ,  7 ,  2 ,  -   ,  -   ,  -   ,  -   
Республика Тыва,СФО,2021,"      региональный орган
      исполнительной власти",29,  1 ,  7 ,  2 ,  -   ,,,
Республика Тыва,СФО,2021,"      бюджетные
      учреждения",30,,,,  -   ,,,
Республика Тыва,СФО,2021,"Муниципальные структуры по работе с молодeжью, в том числе:",31,  19 ,  23 ,  -   ,  -   ,  -   ,  -   ,  -   
Республика Тыва,СФО,2021,"      муниципальные
      органы
      испольнительной власти",32,  19 ,  23 ,,  -   ,,,
Республика Тыва,СФО,2021,"      муниципальные
      бюджетные
      учреждения",33,  -   ,,,  -   ,,,
Республика Хакасия,СФО,2021,"Региональные структуры по работе с молодeжью, в том числе:",28,  3 ,  53 ,  4 ,  3 069 353 ,  1 476 720 ,  1 213 123 ,  379 510 
Республика Хакасия,СФО,2021,"      региональный орган
      исполнительной власти",29,  1 ,  1 ,  1 ,  -   ,  -   ,  -   ,  -   
Республика Хакасия,СФО,2021,"      бюджетные
      учреждения",30,  2 ,  52 ,  3 ,  3 069 353 ,  1 476 720 ,  1 213 123 ,  379 510 
Республика Хакасия,СФО,2021,"Муниципальные структуры по работе с молодeжью, в том числе:",31,  20 ,  107 ,  20 ,  1 104 573 ,  306 720 ,  769 963 ,  27 890 
Республика Хакасия,СФО,2021,"      муниципальные
      органы
      испольнительной власти",32,  13 ,  20 ,  13 ,  1 089 237 ,  291 384 ,  769 963 ,  27 890 
Республика Хакасия,СФО,2021,"      муниципальные
      бюджетные
      учреждения",33,  7 ,  87 ,  7 ,  15 336 ,  15 336 ,  -   ,  -   
Ростовская область,ЮФО,2021,"Региональные структуры по работе с молодeжью, в том числе:",28,  4 ,  98 ,  33 ,  206 211 100 ,  133 473 600 ,  72 737 500 ,  -   
Ростовская область,ЮФО,2021,"      региональный орган
      исполнительной власти",29,  1 ,  12 ,  -   ,  37 092 300 ,  21 702 800 ,  15 389 500 ,  -   
Ростовская область,ЮФО,2021,"      бюджетные
      учреждения",30,  3 ,  86 ,  33 ,  169 118 800 ,  111 770 800 ,  57 348 000 ,  -   
Ростовская область,ЮФО,2021,"Муниципальные структуры по работе с молодeжью, в том числе:",31,  56 ,  183 ,  58 ,  43 294 704 ,  29 865 537 ,  13 429 167 ,  -   
Ростовская область,ЮФО,2021,"      муниципальные
      органы
      испольнительной власти",32,  55 ,  148 ,  50 ,  29 147 104 ,  24 271 037 ,  4 876 067 ,  -   
Ростовская область,ЮФО,2021,"      муниципальные
      бюджетные
      учреждения",33,  1 ,  35 ,  8 ,  14 147 600 ,  5 594 500 ,  8 553 100 ,  -   
Рязанская область,ЦФО,2021,"Региональные структуры по работе с молодeжью, в том числе:",28,  3 ,  79 ,  -   ,  66 763 951 ,  12 697 239 ,  41 088 630 ,  12 978 082 
Рязанская область,ЦФО,2021,"      региональный орган
      исполнительной власти",29,  1 ,  7 ,  -   ,  14 408 891 ,  6 820 804 ,  7 588 087 ,  -   
Рязанская область,ЦФО,2021,"      бюджетные
      учреждения",30,  2 ,  72 ,  -   ,  52 355 060 ,  5 876 435 ,  33 500 543 ,  12 978 082 
Рязанская область,ЦФО,2021,"Муниципальные структуры по работе с молодeжью, в том числе:",31,  31 ,  138 ,  -   ,  73 533 608 ,  13 795 504 ,  59 738 104 ,  -   
Рязанская область,ЦФО,2021,"      муниципальные
      органы
      испольнительной власти",32,  29 ,  49 ,  -   ,  27 641 208 ,  9 729 904 ,  17 911 304 ,  -   
Рязанская область,ЦФО,2021,"      муниципальные
      бюджетные
      учреждения",33,  2 ,  89 ,  -   ,  45 892 400 ,  4 065 600 ,  41 826 800 ,  -   
Самарская область,ПФО,2021,"Региональные структуры по работе с молодeжью, в том числе:",28,  2 ,  84 ,  9 ,  349 408 264 ,  223 086 055 ,  22 496 829 ,  103 825 380 
Самарская область,ПФО,2021,"      региональный орган
      исполнительной власти",29,  1 ,  14 ,  4 ,  175 555 188 ,  159 280 282 ,  16 274 906 ,  -   
Самарская область,ПФО,2021,"      бюджетные
      учреждения",30,  1 ,  70 ,  5 ,  173 853 076 ,  63 805 773 ,  6 221 923 ,  103 825 380 
Самарская область,ПФО,2021,"Муниципальные структуры по работе с молодeжью, в том числе:",31,  85 ,  525 ,  73 ,  319 486 197 ,  140 388 072 ,  178 131 006 ,  967 119 
Самарская область,ПФО,2021,"      муниципальные
      органы
      испольнительной власти",32,  37 ,  137 ,  31 ,  94 877 985 ,  55 519 593 ,  39 358 392 ,  -   
Самарская область,ПФО,2021,"      муниципальные
      бюджетные
      учреждения",33,  48 ,  388 ,  42 ,  224 608 212 ,  84 868 479 ,  138 772 614 ,  967 119 
Санкт-Петербург,СЗФО,2021,"Региональные структуры по работе с молодeжью, в том числе:",28,  5 ,  779 ,  505 ,  1 202 648 099 ,  733 554 655 ,  418 068 790 ,  51 024 654 
Санкт-Петербург,СЗФО,2021,"      региональный орган
      исполнительной власти",29,  1 ,  47 ,  47 ,  413 415 815 ,  324 099 615 ,  88 998 396 ,  317 804 
Санкт-Петербург,СЗФО,2021,"      бюджетные
      учреждения",30,  4 ,  732 ,  458 ,  789 232 284 ,  409 455 040 ,  329 070 394 ,  50 706 850 
Санкт-Петербург,СЗФО,2021,"Муниципальные структуры по работе с молодeжью, в том числе:",31,  46 ,  3 711 ,  1 527 ,  2 913 831 500 ,  48 840 548 ,  2 538 944 565 ,  326 046 387 
Санкт-Петербург,СЗФО,2021,"      муниципальные
      органы
      испольнительной власти",32,  18 ,  68 ,  67 ,  14 963 900 ,  14 963 900 ,  -   ,  -   
Санкт-Петербург,СЗФО,2021,"      муниципальные
      бюджетные
      учреждения",33,  28 ,  3 643 ,  1 460 ,  2 898 867 600 ,  33 876 648 ,  2 538 944 565 ,  326 046 387 
Саратовская область,ПФО,2021,"Региональные структуры по работе с молодeжью, в том числе:",28,  2 ,  67 ,  46 ,  36 779 903 ,  29 357 021 ,  7 422 882 ,  -   
Саратовская область,ПФО,2021,"      региональный орган
      исполнительной власти",29,  1 ,  5 ,  2 ,  11 469 311 ,  7 218 493 ,  4 250 818 ,  -   
Саратовская область,ПФО,2021,"      бюджетные
      учреждения",30,  1 ,  62 ,  44 ,  25 310 592 ,  22 138 528 ,  3 172 064 ,  -   
Саратовская область,ПФО,2021,"Муниципальные структуры по работе с молодeжью, в том числе:",31,  42 ,  342 ,  171 ,  50 944 781 ,  3 751 785 ,  47 192 996 ,  -   
Саратовская область,ПФО,2021,"      муниципальные
      органы
      испольнительной власти",32,  36 ,  69 ,  10 ,  10 364 461 ,  2 836 085 ,  7 528 376 ,  -   
Саратовская область,ПФО,2021,"      муниципальные
      бюджетные
      учреждения",33,  6 ,  273 ,  161 ,  40 580 320 ,  915 700 ,  39 664 620 ,  -   
Сахалинская область,ДФО,2021,"Региональные структуры по работе с молодeжью, в том числе:",28,  2 ,  36 ,  1 ,  363 763 700 ,  265 656 100 ,  98 107 600 ,  -   
Сахалинская область,ДФО,2021,"      региональный орган
      исполнительной власти",29,  1 ,  6 ,  -   ,  264 157 800 ,  205 742 000 ,  58 415 800 ,  -   
Сахалинская область,ДФО,2021,"      бюджетные
      учреждения",30,  1 ,  30 ,  1 ,  99 605 900 ,  59 914 100 ,  39 691 800 ,  -   
Сахалинская область,ДФО,2021,"Муниципальные структуры по работе с молодeжью, в том числе:",31,  20 ,  69 ,  23 ,  100 626 298 ,  42 874 109 ,  57 752 189 ,  -   
Сахалинская область,ДФО,2021,"      муниципальные
      органы
      испольнительной власти",32,  18 ,  27 ,  4 ,  50 897 898 ,  31 884 809 ,  19 013 089 ,  -   
Сахалинская область,ДФО,2021,"      муниципальные
      бюджетные
      учреждения",33,  2 ,  42 ,  19 ,  49 728 400 ,  10 989 300 ,  38 739 100 ,  -   
Свердловская область,УФО,2021,"Региональные структуры по работе с молодeжью, в том числе:",28,  3 ,  115 ,  36 ,  122 460 490 ,  75 875 138 ,  46 585 352 ,  -   
Свердловская область,УФО,2021,"      региональный орган
      исполнительной власти",29,  1 ,  12 ,  2 ,  68 785 649 ,  46 519 500 ,  22 266 149 ,  -   
Свердловская область,УФО,2021,"      бюджетные
      учреждения",30,  2 ,  103 ,  34 ,  53 674 841 ,  29 355 638 ,  24 319 203 ,  -   
Свердловская область,УФО,2021,"Муниципальные структуры по работе с молодeжью, в том числе:",31,  108 ,  988 ,  223 ,  505 766 802 ,  107 750 376 ,  369 633 753 ,  28 382 673 
Свердловская область,УФО,2021,"      муниципальные
      органы
      испольнительной власти",32,  45 ,  111 ,  42 ,  58 987 561 ,  22 833 848 ,  36 153 713 ,  -   
Свердловская область,УФО,2021,"      муниципальные
      бюджетные
      учреждения",33,  63 ,  877 ,  181 ,  446 779 241 ,  84 916 528 ,  333 480 040 ,  28 382 673 
Севастополь,ЮФО,2021,"Региональные структуры по работе с молодeжью, в том числе:",28,  2 ,  198 ,  3 ,  34 967 600 ,  33 803 700 ,  1 163 900 ,  -   
Севастополь,ЮФО,2021,"      региональный орган
      исполнительной власти",29,  1 ,  31 ,  3 ,  4 400 000 ,  4 400 000 ,  -   ,  -   
Севастополь,ЮФО,2021,"      бюджетные
      учреждения",30,  1 ,  167 ,  -   ,  30 567 600 ,  29 403 700 ,  1 163 900 ,  -   
Севастополь,ЮФО,2021,"Муниципальные структуры по работе с молодeжью, в том числе:",31,  10 ,  13 ,  -   ,  4 891 960 ,  3 788 146 ,  1 103 814 ,  -   
Севастополь,ЮФО,2021,"      муниципальные
      органы
      испольнительной власти",32,  10 ,  13 ,  -   ,  4 891 960 ,  3 788 146 ,  1 103 814 ,  -   
Севастополь,ЮФО,2021,"      муниципальные
      бюджетные
      учреждения",33,  -   ,  -   ,  -   ,  -   ,  -   ,  -   ,  -   
Смоленская область,ЦФО,2021,"Региональные структуры по работе с молодeжью, в том числе:",28,  3 ,  66 ,  -   ,  45 679 684 ,  11 430 100 ,  34 249 584 ,  -   
Смоленская область,ЦФО,2021,"      региональный орган
      исполнительной власти",29,  1 ,  22 ,  -   ,  24 158 298 ,  8 205 700 ,  15 952 598 ,  -   
Смоленская область,ЦФО,2021,"      бюджетные
      учреждения",30,  2 ,  44 ,  -   ,  21 521 386 ,  3 224 400 ,  18 296 986 ,  -   
Смоленская область,ЦФО,2021,"Муниципальные структуры по работе с молодeжью, в том числе:",31,  29 ,  49 ,  7 ,  22 315 449 ,  7 240 390 ,  13 597 359 ,  1 477 700 
Смоленская область,ЦФО,2021,"      муниципальные
      органы
      испольнительной власти",32,  27 ,  38 ,  2 ,  18 941 804 ,  7 111 145 ,  10 352 959 ,  1 477 700 
Смоленская область,ЦФО,2021,"      муниципальные
      бюджетные
      учреждения",33,  2 ,  11 ,  5 ,  3 373 645 ,  129 245 ,  3 244 400 ,  -   
Ставропольский край,СКФО,2021,"Региональные структуры по работе с молодeжью, в том числе:",28,  2 ,  27 ,  18 ,  27 423 960 ,  9 619 509 ,  17 804 451 ,  -   
Ставропольский край,СКФО,2021,"      региональный орган
      исполнительной власти",29,  1 ,  6 ,  3 ,  1 104 000 ,  1 104 000 ,  -   ,  -   
Ставропольский край,СКФО,2021,"      бюджетные
      учреждения",30,  1 ,  21 ,  15 ,  26 319 960 ,  8 515 509 ,  17 804 451 ,  -   
Ставропольский край,СКФО,2021,"Муниципальные структуры по работе с молодeжью, в том числе:",31,  34 ,  221 ,  44 ,  79 401 552 ,  19 425 852 ,  59 975 700 ,  -   
Ставропольский край,СКФО,2021,"      муниципальные
      органы
      испольнительной власти",32,  5 ,  31 ,  17 ,  25 901 378 ,  11 936 301 ,  13 965 077 ,  -   
Ставропольский край,СКФО,2021,"      муниципальные
      бюджетные
      учреждения",33,  29 ,  190 ,  27 ,  53 500 174 ,  7 489 551 ,  46 010 623 ,  -   
Тамбовская область,ЦФО,2021,"Региональные структуры по работе с молодeжью, в том числе:",28,  2 ,  47 ,  29 ,  20 370 920 ,  6 224 000 ,  14 146 920 ,  -   
Тамбовская область,ЦФО,2021,"      региональный орган
      исполнительной власти",29,  1 ,  5 ,  5 ,  9 908 920 ,  5 974 200 ,  3 934 720 ,  -   
Тамбовская область,ЦФО,2021,"      бюджетные
      учреждения",30,  1 ,  42 ,  24 ,  10 462 000 ,  249 800 ,  10 212 200 ,  -   
Тамбовская область,ЦФО,2021,"Муниципальные структуры по работе с молодeжью, в том числе:",31,  35 ,  107 ,  23 ,  51 724 196 ,  20 572 896 ,  27 907 468 ,  3 243 832 
Тамбовская область,ЦФО,2021,"      муниципальные
      органы
      испольнительной власти",32,  30 ,  59 ,  22 ,  23 955 329 ,  6 251 556 ,  17 703 773 ,  -   
Тамбовская область,ЦФО,2021,"      муниципальные
      бюджетные
      учреждения",33,  5 ,  48 ,  1 ,  27 768 867 ,  14 321 340 ,  10 203 695 ,  3 243 832 
Тверская область,ЦФО,2021,"Региональные структуры по работе с молодeжью, в том числе:",28,  2 ,  36 ,  2 ,  162 963 948 ,  130 682 974 ,  25 302 086 ,  6 978 888 
Тверская область,ЦФО,2021,"      региональный орган
      исполнительной власти",29,  1 ,  15 ,  1 ,  130 734 680 ,  115 438 984 ,  15 295 696 ,  -   
Тверская область,ЦФО,2021,"      бюджетные
      учреждения",30,  1 ,  21 ,  1 ,  32 229 268 ,  15 243 990 ,  10 006 390 ,  6 978 888 
Тверская область,ЦФО,2021,"Муниципальные структуры по работе с молодeжью, в том числе:",31,  48 ,  156 ,  15 ,  83 410 148 ,  33 550 701 ,  46 953 689 ,  2 905 758 
Тверская область,ЦФО,2021,"      муниципальные
      органы
      испольнительной власти",32,  42 ,  64 ,  9 ,  42 709 029 ,  28 314 582 ,  14 394 447 ,  -   
Тверская область,ЦФО,2021,"      муниципальные
      бюджетные
      учреждения",33,  6 ,  92 ,  6 ,  40 701 119 ,  5 236 119 ,  32 559 242 ,  2 905 758 
Томская область,СФО,2021,"Региональные структуры по работе с молодeжью, в том числе:",28,  2 ,  15 ,  10 ,  35 295 600 ,  30 585 786 ,  4 709 814 ,  -   
Томская область,СФО,2021,"      региональный орган
      исполнительной власти",29,  1 ,  5 ,  5 ,  30 585 786 ,  30 585 786 ,,
Томская область,СФО,2021,"      бюджетные
      учреждения",30,  1 ,  10 ,  5 ,  4 709 814 ,,  4 709 814 ,
Томская область,СФО,2021,"Муниципальные структуры по работе с молодeжью, в том числе:",31,  18 ,  55 ,  8 ,  15 889 019 ,  10 924 537 ,  4 964 482 ,  -   
Томская область,СФО,2021,"      муниципальные
      органы
      испольнительной власти",32,  17 ,  45 ,  3 ,  10 997 741 ,  8 871 364 ,  2 126 377 ,
Томская область,СФО,2021,"      муниципальные
      бюджетные
      учреждения",33,  1 ,  10 ,  5 ,  4 891 278 ,  2 053 173 ,  2 838 105 ,
Тульская область,ЦФО,2021,"Региональные структуры по работе с молодeжью, в том числе:",28,  4 ,  184 ,  13 ,  210 077 341 ,  33 863 380 ,  99 644 931 ,  76 569 030 
Тульская область,ЦФО,2021,"      региональный орган
      исполнительной власти",29,  1 ,  12 ,  1 ,  15 377 174 ,  300 000 ,  15 077 174 ,  -   
Тульская область,ЦФО,2021,"      бюджетные
      учреждения",30,  3 ,  172 ,  12 ,  194 700 167 ,  33 563 380 ,  84 567 757 ,  76 569 030 
Тульская область,ЦФО,2021,"Муниципальные структуры по работе с молодeжью, в том числе:",31,  39 ,  361 ,  17 ,  164 646 147 ,  12 756 705 ,  144 381 177 ,  7 508 265 
Тульская область,ЦФО,2021,"      муниципальные
      органы
      испольнительной власти",32,  26 ,  39 ,  1 ,  11 837 792 ,  4 086 546 ,  7 751 246 ,  -   
Тульская область,ЦФО,2021,"      муниципальные
      бюджетные
      учреждения",33,  13 ,  322 ,  16 ,  152 808 355 ,  8 670 159 ,  136 629 931 ,  7 508 265 
Тюменская область,УФО,2021,"Региональные структуры по работе с молодeжью, в том числе:",28,  5 ,  604 ,  8 ,  460 498 631 ,  391 423 836 ,  69 074 795 ,  -   
Тюменская область,УФО,2021,"      региональный орган
      исполнительной власти",29,  2 ,  82 ,  7 ,  -   ,  -   ,  -   ,  -   
Тюменская область,УФО,2021,"      бюджетные
      учреждения",30,  3 ,  522 ,  1 ,  460 498 631 ,  391 423 836 ,  69 074 795 ,
Тюменская область,УФО,2021,"Муниципальные структуры по работе с молодeжью, в том числе:",31,  72 ,  1 533 ,  4 ,  234 724 693 ,  231 118 256 ,  3 314 250 ,  292 187 
Тюменская область,УФО,2021,"      муниципальные
      органы
      испольнительной власти",32,  26 ,  67 ,  2 ,  1 628 652 ,  570 800 ,  1 057 852 ,
Тюменская область,УФО,2021,"      муниципальные
      бюджетные
      учреждения",33,  46 ,  1 466 ,  2 ,  233 096 041 ,  230 547 456 ,  2 256 398 ,  292 187 
Удмуртская Республика,ПФО,2021,"Региональные структуры по работе с молодeжью, в том числе:",28,  3 ,  102 ,  87 ,  122 382 276 ,  76 000 164 ,  40 911 700 ,  5 470 412 
Удмуртская Республика,ПФО,2021,"      региональный орган
      исполнительной власти",29,  1 ,  8 ,  8 ,  29 541 369 ,  29 541 369 ,  -   ,  -   
Удмуртская Республика,ПФО,2021,"      бюджетные
      учреждения",30,  2 ,  94 ,  79 ,  92 840 907 ,  46 458 795 ,  40 911 700 ,  5 470 412 
Удмуртская Республика,ПФО,2021,"Муниципальные структуры по работе с молодeжью, в том числе:",31,  49 ,  617 ,  155 ,  245 256 834 ,  142 640 500 ,  99 977 873 ,  2 638 461 
Удмуртская Республика,ПФО,2021,"      муниципальные
      органы
      испольнительной власти",32,  23 ,  53 ,  17 ,  17 949 946 ,  2 593 390 ,  15 356 556 ,  -   
Удмуртская Республика,ПФО,2021,"      муниципальные
      бюджетные
      учреждения",33,  26 ,  564 ,  138 ,  227 306 888 ,  140 047 110 ,  84 621 317 ,  2 638 461 
Ульяновская область,ПФО,2021,"Региональные структуры по работе с молодeжью, в том числе:",28,  2 ,  82 ,  82 ,  60 458 307 ,  42 025 850 ,  18 432 457 ,  -   
Ульяновская область,ПФО,2021,"      региональный орган
      исполнительной власти",29,  1 ,  9 ,  9 ,  31 948 407 ,  23 509 000 ,  8 439 407 ,
Ульяновская область,ПФО,2021,"      бюджетные
      учреждения",30,  1 ,  73 ,  73 ,  28 509 900 ,  18 516 850 ,  9 993 050 ,
Ульяновская область,ПФО,2021,"Муниципальные структуры по работе с молодeжью, в том числе:",31,  250 ,  579 ,  548 ,  8 482 000 ,  7 094 000 ,  1 068 000 ,  320 000 
Ульяновская область,ПФО,2021,"      муниципальные
      органы
      испольнительной власти",32,  8 ,  16 ,  6 ,  7 200 000 ,  6 214 000 ,  986 000 ,
Ульяновская область,ПФО,2021,"      муниципальные
      бюджетные
      учреждения",33,  242 ,  563 ,  542 ,  1 282 000 ,  880 000 ,  82 000 ,  320 000 
Хабаровский край,ДФО,2021,"Региональные структуры по работе с молодeжью, в том числе:",28,  4 ,  363 ,  14 ,  439 741 947 ,  180 907 867 ,  238 747 715 ,  20 086 365 
Хабаровский край,ДФО,2021,"      региональный орган
      исполнительной власти",29,  1 ,  13 ,  -   ,  3 755 310 ,  3 755 310 ,  -   ,  -   
Хабаровский край,ДФО,2021,"      бюджетные
      учреждения",30,  3 ,  350 ,  14 ,  435 986 637 ,  177 152 557 ,  238 747 715 ,  20 086 365 
Хабаровский край,ДФО,2021,"Муниципальные структуры по работе с молодeжью, в том числе:",31,  28 ,  359 ,  50 ,  238 772 960 ,  29 617 348 ,  202 318 296 ,  6 837 316 
Хабаровский край,ДФО,2021,"      муниципальные
      органы
      испольнительной власти",32,  15 ,  61 ,  11 ,  32 252 007 ,  11 486 820 ,  20 765 187 ,  -   
Хабаровский край,ДФО,2021,"      муниципальные
      бюджетные
      учреждения",33,  13 ,  298 ,  39 ,  206 520 953 ,  18 130 528 ,  181 553 109 ,  6 837 316 
Ханты-Мансийский автономный округ - Югра,УФО,2021,"Региональные структуры по работе с молодeжью, в том числе:",28,  3 ,  227 ,  33 ,  500 069 354 ,  248 965 200 ,  246 949 500 ,  4 154 654 
Ханты-Мансийский автономный округ - Югра,УФО,2021,"      региональный орган
      исполнительной власти",29,  1 ,  6 ,  6 ,  188 118 454 ,  178 746 800 ,  9 371 654 ,  -   
Ханты-Мансийский автономный округ - Югра,УФО,2021,"      бюджетные
      учреждения",30,  2 ,  221 ,  27 ,  311 950 900 ,  70 218 400 ,  237 577 846 ,  4 154 654 
Ханты-Мансийский автономный округ - Югра,УФО,2021,"Муниципальные структуры по работе с молодeжью, в том числе:",31,  48 ,  1 143 ,  442 ,  1 197 459 642 ,  241 236 041 ,  921 719 143 ,  34 504 458 
Ханты-Мансийский автономный округ - Югра,УФО,2021,"      муниципальные
      органы
      испольнительной власти",32,  21 ,  117 ,  37 ,  163 933 126 ,  22 041 337 ,  141 891 789 ,  -   
Ханты-Мансийский автономный округ - Югра,УФО,2021,"      муниципальные
      бюджетные
      учреждения",33,  27 ,  1 026 ,  405 ,  1 033 526 516 ,  219 194 704 ,  779 827 354 ,  34 504 458 
Челябинская область,УФО,2021,"Региональные структуры по работе с молодeжью, в том числе:",28,  2 ,  36 ,  36 ,  127 867 880 ,  91 047 650 ,  36 820 230 ,  -   
Челябинская область,УФО,2021,"      региональный орган
      исполнительной власти",29,  1 ,  19 ,  19 ,  102 654 500 ,  80 590 750 ,  22 063 750 ,
Челябинская область,УФО,2021,"      бюджетные
      учреждения",30,  1 ,  17 ,  17 ,  25 213 380 ,  10 456 900 ,  14 756 480 ,
Челябинская область,УФО,2021,"Муниципальные структуры по работе с молодeжью, в том числе:",31,  68 ,  147 ,  72 ,  174 581 407 ,  123 802 446 ,  50 778 961 ,  -   
Челябинская область,УФО,2021,"      муниципальные
      органы
      испольнительной власти",32,  43 ,  86 ,  31 ,  138 768 767 ,  106 212 588 ,  32 556 179 ,
Челябинская область,УФО,2021,"      муниципальные
      бюджетные
      учреждения",33,  25 ,  61 ,  41 ,  35 812 640 ,  17 589 858 ,  18 222 782 ,
Чеченская Республика,СКФО,2021,"Региональные структуры по работе с молодeжью, в том числе:",28,  4 ,  139 ,  -   ,  23 065 902 ,  12 590 000 ,  10 475 902 ,  -   
Чеченская Республика,СКФО,2021,"      региональный орган
      исполнительной власти",29,  1 ,  49 ,  -   ,  16 272 302 ,  12 590 000 ,  3 682 302 ,  -   
Чеченская Республика,СКФО,2021,"      бюджетные
      учреждения",30,  3 ,  90 ,  -   ,  6 793 600 ,  -   ,  6 793 600 ,  -   
Чеченская Республика,СКФО,2021,"Муниципальные структуры по работе с молодeжью, в том числе:",31,  17 ,  35 ,  6 ,  130 000 ,  130 000 ,  -   ,  -   
Чеченская Республика,СКФО,2021,"      муниципальные
      органы
      испольнительной власти",32,  17 ,  35 ,  6 ,  130 000 ,  130 000 ,  -   ,  -   
Чеченская Республика,СКФО,2021,"      муниципальные
      бюджетные
      учреждения",33,  -   ,  -   ,  -   ,  -   ,  -   ,  -   ,  -   
Чувашская Республика,ПФО,2021,"Региональные структуры по работе с молодeжью, в том числе:",28,  4 ,  83 ,  56 ,  127 200 234 ,  53 599 232 ,  38 097 679 ,  35 503 323 
Чувашская Республика,ПФО,2021,"      региональный орган
      исполнительной власти",29,  1 ,  7 ,  3 ,  36 171 184 ,  32 455 000 ,  3 716 184 ,
Чувашская Республика,ПФО,2021,"      бюджетные
      учреждения",30,  3 ,  76 ,  53 ,  91 029 050 ,  21 144 232 ,  34 381 495 ,  35 503 323 
Чувашская Республика,ПФО,2021,"Муниципальные структуры по работе с молодeжью, в том числе:",31,  26 ,  31 ,  19 ,  20 510 083 ,  18 112 482 ,  2 397 601 ,  -   
Чувашская Республика,ПФО,2021,"      муниципальные
      органы
      испольнительной власти",32,  26 ,  31 ,  19 ,  20 510 083 ,  18 112 482 ,  2 397 601 ,
Чувашская Республика,ПФО,2021,"      муниципальные
      бюджетные
      учреждения",33,,,,  -   ,,,
Чукотский автономный округ,ДФО,2021,"Региональные структуры по работе с молодeжью, в том числе:",28,  1 ,  3 ,  2 ,  115 915 300 ,  112 016 700 ,  3 898 600 ,  -   
Чукотский автономный округ,ДФО,2021,"      региональный орган
      исполнительной власти",29,  1 ,  3 ,  2 ,  115 915 300 ,  112 016 700 ,  3 898 600 ,  -   
Чукотский автономный округ,ДФО,2021,"      бюджетные
      учреждения",30,  -   ,  -   ,  -   ,  -   ,  -   ,  -   ,  -   
Чукотский автономный округ,ДФО,2021,"Муниципальные структуры по работе с молодeжью, в том числе:",31,  7 ,  7 ,  2 ,  39 086 200 ,  26 990 200 ,  12 096 000 ,  -   
Чукотский автономный округ,ДФО,2021,"      муниципальные
      органы
      испольнительной власти",32,  7 ,  7 ,  2 ,  39 086 200 ,  26 990 200 ,  12 096 000 ,  -   
Чукотский автономный округ,ДФО,2021,"      муниципальные
      бюджетные
      учреждения",33,  -   ,  -   ,  -   ,  -   ,  -   ,  -   ,  -   
Ямало-Ненецкий автономный округ,УФО,2021,"Региональные структуры по работе с молодeжью, в том числе:",28,  4 ,  207 ,  -   ,  1 064 153 104 ,  632 734 997 ,  431 418 107 ,  -   
Ямало-Ненецкий автономный округ,УФО,2021,"      региональный орган
      исполнительной власти",29,  1 ,  37 ,  -   ,  618 129 104 ,  470 734 202 ,  147 394 902 ,  -   
Ямало-Ненецкий автономный округ,УФО,2021,"      бюджетные
      учреждения",30,  3 ,  170 ,  -   ,  446 024 000 ,  162 000 795 ,  284 023 205 ,  -   
Ямало-Ненецкий автономный округ,УФО,2021,"Муниципальные структуры по работе с молодeжью, в том числе:",31,  34 ,  680 ,  91 ,  1 296 703 930 ,  229 891 027 ,  1 002 479 525 ,  64 333 378 
Ямало-Ненецкий автономный округ,УФО,2021,"      муниципальные
      органы
      испольнительной власти",32,  13 ,  90 ,  28 ,  342 789 776 ,  54 169 839 ,  224 970 221 ,  63 649 716 
Ямало-Ненецкий автономный округ,УФО,2021,"      муниципальные
      бюджетные
      учреждения",33,  21 ,  590 ,  63 ,  953 914 154 ,  175 721 188 ,  777 509 304 ,  683 662 
Ярославская область,ЦФО,2021,"Региональные структуры по работе с молодeжью, в том числе:",28,  3 ,  142 ,  34 ,  135 859 014 ,  77 976 904 ,  57 882 110 ,  -   
Ярославская область,ЦФО,2021,"      региональный орган
      исполнительной власти",29,  1 ,  27 ,  7 ,  42 931 294 ,  36 438 744 ,  6 492 550 ,
Ярославская область,ЦФО,2021,"      бюджетные
      учреждения",30,  2 ,  115 ,  27 ,  92 927 720 ,  41 538 160 ,  51 389 560 ,
Ярославская область,ЦФО,2021,"Муниципальные структуры по работе с молодeжью, в том числе:",31,  40 ,  356 ,  63 ,  133 975 670 ,  26 790 881 ,  102 892 110 ,  4 292 679 
Ярославская область,ЦФО,2021,"      муниципальные
      органы
      испольнительной власти",32,  19 ,  42 ,  9 ,  29 322 887 ,  2 639 645 ,  26 277 242 ,  406 000 
Ярославская область,ЦФО,2021,"      муниципальные
      бюджетные
      учреждения",33,  21 ,  314 ,  54 ,  104 652 783 ,  24 151 236 ,  76 614 868 ,  3 886 679 